coddistbar,codbarrio,coddistrit,nombre,Ind_Equip,Vul_Equip,Ind_Dem,Vul_Dem,Ind_Econom,Vul_Econom,Ind_Global,Vul_Global,n_locales_total,n_locales_bakery,n_locales_bank,n_locales_bar,n_locales_cafe,n_locales_clothes,n_locales_convenience,n_locales_fast_food,n_locales_hairdresser,n_locales_health_care,n_locales_home_craft_repairs,n_locales_leisure_education,n_locales_otro,n_locales_pharmacy,n_locales_professional_services,n_locales_restaurant,n_locales_retail_commerce,n_locales_supermarket_food,n_paradas_emt,n_paradas_metro,n_equipamiento_municipal,poblacion,demo_edad_0___4,demo_edad_05___09,demo_edad_10___14,demo_edad_15___19,demo_edad_20___24,demo_edad_25___29,demo_edad_30___34,demo_edad_35___39,demo_edad_40___44,demo_edad_45___49,demo_edad_50___54,demo_edad_55___59,demo_edad_60___64,demo_edad_65___69,demo_edad_70___74,demo_edad_75___79,demo_edad_80___84,demo_edad_85___89,demo_edad_90+,demo_pct_joven,demo_pct_mayor,demo_total_distrito,sin_dato_vulnerabilidad,densidad_locales_hab,accesibilidad_tp,area_km2,densidad_locales_km2,oferta_insuficiente
93,3,9,LA CREU COBERTA,1.6,Vulnerabilidad Media,3.6,Vulnerabilidad Baja,2.5,Vulnerabilidad Baja,2.6,Vulnerabilidad Baja,38.0,0.0,1.0,0.0,0.0,0.0,0.0,1.0,0.0,0.0,0.0,1.0,30.0,1.0,0.0,0.0,0.0,4.0,8.0,0.0,9.0,6158.0,1941.0,2256.0,2455.0,2350.0,2670.0,3055.0,3221.0,3755.0,4562.0,4106.0,4150.0,3878.0,3476.0,3017.0,2590.0,1998.0,1610.0,998.0,535.0,22.18,20.42,52623.0,0,0.006170834686586554,8.0,0.3748854482595367,101.36429721777904,1
104,4,10,LA FONTETA S.LLUIS,1.6,Vulnerabilidad Media,3.7,Vulnerabilidad Baja,2.2,Vulnerabilidad Media,2.5,Vulnerabilidad Media,39.0,0.0,0.0,0.0,0.0,0.0,0.0,0.0,0.0,0.0,0.0,0.0,35.0,2.0,0.0,0.0,1.0,1.0,8.0,0.0,6.0,2950.0,2870.0,3368.0,3802.0,3640.0,3637.0,3961.0,4305.0,5245.0,6174.0,6228.0,6064.0,5112.0,4132.0,3925.0,3907.0,2961.0,2401.0,1460.0,723.0,23.43,20.8,73915.0,0,0.013220338983050847,8.0,0.23882441832273987,163.29988480196616,0
142,2,14,CAMI DE VERA,1.4,Vulnerabilidad Alta,4.1,Vulnerabilidad Baja,3.3,Vulnerabilidad Baja,2.9,Vulnerabilidad Baja,78.0,1.0,1.0,0.0,0.0,0.0,0.0,2.0,0.0,0.0,0.0,1.0,65.0,2.0,0.0,2.0,0.0,4.0,0.0,2.0,14.0,5412.0,1068.0,1074.0,1128.0,1223.0,1695.0,1997.0,2007.0,2098.0,2119.0,1814.0,2081.0,2100.0,2076.0,1846.0,1517.0,1087.0,869.0,618.0,301.0,21.55,21.72,28718.0,0,0.014412416851441241,4.0,0.8270319850547233,94.31316008272506,0
181,1,18,BENIMAMET,2.4,Vulnerabilidad Baja,2.95,Vulnerabilidad Baja,2.9,Vulnerabilidad Baja,2.8,Vulnerabilidad Baja,101.0,2.0,1.0,4.0,2.0,0.0,0.0,0.0,2.0,0.0,5.0,1.0,63.0,4.0,0.0,4.0,6.0,7.0,20.0,3.0,20.0,13187.0,642.0,699.0,771.0,768.0,684.0,818.0,869.0,1136.0,1304.0,1198.0,1082.0,939.0,897.0,722.0,685.0,466.0,399.0,211.0,97.0,24.77,17.93,14387.0,1,0.007659058163342686,26.0,1.4771915686164854,68.3729870558326,1
182,2,18,BENIFERRI,2.4,Vulnerabilidad Baja,2.95,Vulnerabilidad Baja,2.9,Vulnerabilidad Baja,2.8,Vulnerabilidad Baja,33.0,0.0,0.0,0.0,0.0,0.0,1.0,0.0,0.0,1.0,0.0,0.0,27.0,0.0,0.0,4.0,0.0,0.0,3.0,1.0,3.0,1200.0,642.0,699.0,771.0,768.0,684.0,818.0,869.0,1136.0,1304.0,1198.0,1082.0,939.0,897.0,722.0,685.0,466.0,399.0,211.0,97.0,24.77,17.93,14387.0,1,0.0275,5.0,0.5339455579802276,61.80405381558023,0
195,5,19,EL PALMAR,2.4,Vulnerabilidad Baja,2.95,Vulnerabilidad Baja,2.9,Vulnerabilidad Baja,2.8,Vulnerabilidad Baja,0.0,0.0,0.0,0.0,0.0,0.0,0.0,0.0,0.0,0.0,0.0,0.0,0.0,0.0,0.0,0.0,0.0,0.0,8.0,0.0,6.0,755.0,881.0,905.0,1049.0,910.0,968.0,1116.0,1285.0,1508.0,1734.0,1581.0,1621.0,1497.0,1391.0,1270.0,1005.0,772.0,589.0,380.0,185.0,22.83,20.35,20647.0,1,0.0,8.0,36.96163971905129,0.0,1
194,4,19,EL SALER,2.4,Vulnerabilidad Baja,2.95,Vulnerabilidad Baja,2.9,Vulnerabilidad Baja,2.8,Vulnerabilidad Baja,0.0,0.0,0.0,0.0,0.0,0.0,0.0,0.0,0.0,0.0,0.0,0.0,0.0,0.0,0.0,0.0,0.0,0.0,11.0,0.0,4.0,1836.0,881.0,905.0,1049.0,910.0,968.0,1116.0,1285.0,1508.0,1734.0,1581.0,1621.0,1497.0,1391.0,1270.0,1005.0,772.0,589.0,380.0,185.0,22.83,20.35,20647.0,1,0.0,11.0,8.247660455508242,0.0,1
196,6,19,EL PERELLONET,2.4,Vulnerabilidad Baja,2.95,Vulnerabilidad Baja,2.9,Vulnerabilidad Baja,2.8,Vulnerabilidad Baja,0.0,0.0,0.0,0.0,0.0,0.0,0.0,0.0,0.0,0.0,0.0,0.0,0.0,0.0,0.0,0.0,0.0,0.0,17.0,0.0,1.0,1378.0,881.0,905.0,1049.0,910.0,968.0,1116.0,1285.0,1508.0,1734.0,1581.0,1621.0,1497.0,1391.0,1270.0,1005.0,772.0,589.0,380.0,185.0,22.83,20.35,20647.0,1,0.0,17.0,4.928204351112738,0.0,1
162,2,16,CIUTAT FALLERA,1.8,Vulnerabilidad Baja,3.3,Vulnerabilidad Baja,1.7,Vulnerabilidad Alta,2.3,Vulnerabilidad Alta,28.0,0.0,0.0,0.0,0.0,0.0,0.0,0.0,0.0,0.0,1.0,0.0,27.0,0.0,0.0,0.0,0.0,0.0,6.0,0.0,11.0,5791.0,2205.0,2441.0,2373.0,2463.0,2253.0,2510.0,2863.0,3900.0,4223.0,3924.0,3701.0,2976.0,2484.0,2361.0,2177.0,1563.0,1186.0,711.0,385.0,25.13,17.95,46699.0,0,0.004835088931099983,6.0,0.4969077422953172,56.34848809290502,1
173,3,17,CARPESA,2.4,Vulnerabilidad Baja,2.95,Vulnerabilidad Baja,2.9,Vulnerabilidad Baja,2.8,Vulnerabilidad Baja,5.0,0.0,0.0,0.0,0.0,0.0,0.0,0.0,0.0,0.0,0.0,0.0,5.0,0.0,0.0,0.0,0.0,0.0,6.0,0.0,6.0,1186.0,237.0,329.0,420.0,341.0,302.0,340.0,340.0,388.0,517.0,563.0,528.0,477.0,409.0,368.0,326.0,239.0,207.0,145.0,90.0,24.81,20.94,6566.0,1,0.0042158516020236085,6.0,2.2555402317205147,2.2167638287639964,1
177,7,17,BORBOTO,2.4,Vulnerabilidad Baja,2.95,Vulnerabilidad Baja,2.9,Vulnerabilidad Baja,2.8,Vulnerabilidad Baja,5.0,0.0,0.0,0.0,0.0,0.0,0.0,0.0,0.0,0.0,0.0,0.0,4.0,0.0,0.0,1.0,0.0,0.0,3.0,0.0,5.0,715.0,237.0,329.0,420.0,341.0,302.0,340.0,340.0,388.0,517.0,563.0,528.0,477.0,409.0,368.0,326.0,239.0,207.0,145.0,90.0,24.81,20.94,6566.0,1,0.006993006993006993,3.0,1.4195907270890724,3.5221419135730057,1
171,1,17,BENIFARAIG,2.4,Vulnerabilidad Baja,2.95,Vulnerabilidad Baja,2.9,Vulnerabilidad Baja,2.8,Vulnerabilidad Baja,10.0,1.0,0.0,0.0,2.0,0.0,1.0,0.0,0.0,0.0,0.0,0.0,3.0,1.0,0.0,0.0,1.0,1.0,8.0,0.0,2.0,1014.0,237.0,329.0,420.0,341.0,302.0,340.0,340.0,388.0,517.0,563.0,528.0,477.0,409.0,368.0,326.0,239.0,207.0,145.0,90.0,24.81,20.94,6566.0,1,0.009861932938856016,8.0,1.4220684362081264,7.032010376845501,0
152,2,15,TORREFIEL,4.2,Vulnerabilidad Baja,2.9,Vulnerabilidad Baja,1.9,Vulnerabilidad Media,3.0,Vulnerabilidad Baja,161.0,0.0,9.0,0.0,1.0,0.0,0.0,3.0,2.0,0.0,2.0,0.0,121.0,9.0,0.0,3.0,0.0,11.0,27.0,1.0,39.0,26268.0,2361.0,2872.0,3055.0,2750.0,2871.0,3044.0,3137.0,3903.0,4918.0,4662.0,4293.0,3311.0,2894.0,2586.0,2323.0,1795.0,1477.0,936.0,382.0,25.96,17.73,53570.0,0,0.006129130500989797,29.0,0.7002706128918745,229.91111869613647,1
54,4,5,TORMOS,2.6,Vulnerabilidad Baja,2.9,Vulnerabilidad Baja,2.2,Vulnerabilidad Media,2.6,Vulnerabilidad Baja,35.0,0.0,0.0,0.0,1.0,1.0,1.0,0.0,0.0,0.0,0.0,0.0,30.0,1.0,1.0,0.0,0.0,0.0,6.0,0.0,16.0,8628.0,1813.0,1890.0,2111.0,1986.0,2459.0,2838.0,2885.0,3249.0,3708.0,3531.0,3594.0,3264.0,2860.0,2564.0,2618.0,2116.0,1719.0,1223.0,664.0,21.79,23.15,47092.0,0,0.004056560037088549,6.0,0.2799489956377571,125.0227739530404,1
51,1,5,MARXALENES,2.4,Vulnerabilidad Baja,2.6,Vulnerabilidad Media,2.2,Vulnerabilidad Media,2.4,Vulnerabilidad Media,62.0,1.0,0.0,2.0,2.0,0.0,0.0,0.0,1.0,0.0,2.0,1.0,48.0,0.0,0.0,3.0,0.0,2.0,14.0,2.0,25.0,10629.0,1813.0,1890.0,2111.0,1986.0,2459.0,2838.0,2885.0,3249.0,3708.0,3531.0,3594.0,3264.0,2860.0,2564.0,2618.0,2116.0,1719.0,1223.0,664.0,21.79,23.15,47092.0,0,0.005833098127763665,18.0,0.39036246998252183,158.82674377681852,1
43,3,4,EL CALVARI,1.2,Vulnerabilidad Alta,2.6,Vulnerabilidad Media,1.8,Vulnerabilidad Alta,1.9,Vulnerabilidad Alta,47.0,0.0,0.0,7.0,1.0,1.0,2.0,1.0,4.0,3.0,0.0,0.0,12.0,1.0,1.0,5.0,2.0,7.0,4.0,0.0,4.0,4864.0,1741.0,2197.0,2142.0,1731.0,1594.0,1899.0,2293.0,2893.0,3337.0,3174.0,2681.0,2427.0,2423.0,2370.0,2135.0,1433.0,952.0,582.0,334.0,24.53,20.36,38338.0,0,0.009662828947368422,4.0,0.09368162331595396,501.6992483305518,0
52,2,5,MORVEDRE,2.0,Vulnerabilidad Baja,2.4,Vulnerabilidad Alta,2.4,Vulnerabilidad Baja,2.3,Vulnerabilidad Alta,196.0,3.0,0.0,5.0,3.0,0.0,0.0,2.0,1.0,2.0,5.0,0.0,163.0,2.0,2.0,6.0,1.0,1.0,13.0,1.0,23.0,10222.0,1813.0,1890.0,2111.0,1986.0,2459.0,2838.0,2885.0,3249.0,3708.0,3531.0,3594.0,3264.0,2860.0,2564.0,2618.0,2116.0,1719.0,1223.0,664.0,21.79,23.15,47092.0,0,0.01917432987673645,15.0,0.428181365731374,457.7499529088885,0
53,3,5,TRINITAT,3.2,Vulnerabilidad Baja,2.6,Vulnerabilidad Media,2.7,Vulnerabilidad Baja,2.8,Vulnerabilidad Baja,244.0,4.0,5.0,5.0,6.0,4.0,1.0,6.0,4.0,5.0,2.0,0.0,177.0,3.0,2.0,8.0,6.0,6.0,11.0,1.0,26.0,7807.0,1813.0,1890.0,2111.0,1986.0,2459.0,2838.0,2885.0,3249.0,3708.0,3531.0,3594.0,3264.0,2860.0,2564.0,2618.0,2116.0,1719.0,1223.0,664.0,21.79,23.15,47092.0,0,0.03125400281798386,13.0,0.5956740651733996,409.6199822447735,0
13,3,1,EL CARME,2.8,Vulnerabilidad Baja,3.6,Vulnerabilidad Baja,3.1,Vulnerabilidad Baja,3.2,Vulnerabilidad Baja,337.0,4.0,0.0,18.0,11.0,3.0,7.0,1.0,1.0,1.0,4.0,6.0,209.0,2.0,0.0,57.0,9.0,4.0,4.0,0.0,58.0,6343.0,1011.0,1120.0,1090.0,1076.0,1343.0,1644.0,1922.0,2101.0,2323.0,2264.0,2061.0,1833.0,1543.0,1444.0,1319.0,1049.0,796.0,679.0,452.0,20.83,21.2,27070.0,0,0.05312943402175627,4.0,0.38406465510761195,877.4564269799188,0
31,1,3,EL BOTANIC,2.8,Vulnerabilidad Baja,3.0,Vulnerabilidad Baja,3.3,Vulnerabilidad Baja,3.0,Vulnerabilidad Baja,220.0,3.0,3.0,3.0,8.0,2.0,5.0,1.0,1.0,3.0,3.0,6.0,158.0,3.0,2.0,13.0,3.0,3.0,8.0,2.0,36.0,6620.0,1975.0,2045.0,2157.0,2199.0,2371.0,2581.0,2944.0,3325.0,3719.0,3721.0,3675.0,3484.0,3073.0,2686.0,2531.0,2080.0,1815.0,1425.0,811.0,22.11,23.34,48617.0,0,0.03323262839879154,12.0,0.3701129712925429,594.4131037388275,0
61,1,6,EXPOSICIO,2.0,Vulnerabilidad Baja,2.7,Vulnerabilidad Baja,4.1,Vulnerabilidad Baja,2.9,Vulnerabilidad Baja,187.0,2.0,2.0,1.0,4.0,2.0,0.0,0.0,2.0,5.0,2.0,7.0,129.0,3.0,2.0,15.0,2.0,9.0,11.0,3.0,40.0,6730.0,1436.0,1524.0,1500.0,1523.0,1786.0,1888.0,1710.0,1899.0,2186.0,2034.0,2037.0,2016.0,1807.0,1783.0,1818.0,1432.0,1065.0,674.0,420.0,25.44,23.55,30538.0,0,0.02778603268945022,17.0,0.38160681713484484,490.0331744700503,0
12,2,1,LA XEREA,2.0,Vulnerabilidad Baja,3.0,Vulnerabilidad Baja,4.0,Vulnerabilidad Baja,3.0,Vulnerabilidad Baja,150.0,2.0,2.0,3.0,6.0,6.0,1.0,3.0,1.0,2.0,5.0,3.0,86.0,1.0,2.0,22.0,4.0,1.0,5.0,1.0,52.0,3908.0,1011.0,1120.0,1090.0,1076.0,1343.0,1644.0,1922.0,2101.0,2323.0,2264.0,2061.0,1833.0,1543.0,1444.0,1319.0,1049.0,796.0,679.0,452.0,20.83,21.2,27070.0,0,0.0383828045035824,7.0,0.31164788954009964,481.31242031305186,0
15,5,1,EL MERCAT,1.0,Vulnerabilidad Alta,3.6,Vulnerabilidad Baja,3.7,Vulnerabilidad Baja,2.8,Vulnerabilidad Baja,396.0,8.0,6.0,10.0,24.0,20.0,5.0,7.0,0.0,2.0,5.0,4.0,188.0,4.0,3.0,74.0,33.0,3.0,4.0,0.0,26.0,3558.0,1011.0,1120.0,1090.0,1076.0,1343.0,1644.0,1922.0,2101.0,2323.0,2264.0,2061.0,1833.0,1543.0,1444.0,1319.0,1049.0,796.0,679.0,452.0,20.83,21.2,27070.0,0,0.11129848229342328,4.0,0.17279397256868723,2291.746605007222,0
14,4,1,EL PILAR,1.6,Vulnerabilidad Media,3.4,Vulnerabilidad Baja,3.4,Vulnerabilidad Baja,2.8,Vulnerabilidad Baja,119.0,2.0,0.0,3.0,16.0,3.0,1.0,1.0,4.0,3.0,4.0,2.0,52.0,4.0,1.0,21.0,0.0,2.0,4.0,0.0,40.0,4624.0,1011.0,1120.0,1090.0,1076.0,1343.0,1644.0,1922.0,2101.0,2323.0,2264.0,2061.0,1833.0,1543.0,1444.0,1319.0,1049.0,796.0,679.0,452.0,20.83,21.2,27070.0,0,0.025735294117647058,4.0,0.16160510750379692,736.3628652467194,0
22,2,2,EL PLA DEL REMEI,1.8,Vulnerabilidad Baja,2.7,Vulnerabilidad Baja,4.2,Vulnerabilidad Baja,2.9,Vulnerabilidad Baja,335.0,5.0,5.0,1.0,8.0,39.0,0.0,4.0,2.0,9.0,9.0,4.0,185.0,6.0,3.0,36.0,14.0,5.0,15.0,1.0,49.0,6998.0,1763.0,1969.0,2119.0,1932.0,1971.0,2139.0,2447.0,2922.0,3382.0,3361.0,3375.0,2947.0,2556.0,2353.0,2148.0,1800.0,1495.0,1215.0,724.0,22.89,22.84,42618.0,0,0.04787082023435267,17.0,0.3869153203841188,865.8225258886655,0
131,1,13,L'ILLA PERDUDA,2.4,Vulnerabilidad Baja,2.9,Vulnerabilidad Baja,2.5,Vulnerabilidad Baja,2.6,Vulnerabilidad Baja,105.0,2.0,1.0,0.0,3.0,1.0,1.0,3.0,4.0,1.0,0.0,0.0,76.0,5.0,2.0,2.0,1.0,3.0,6.0,0.0,21.0,8692.0,1236.0,1338.0,1394.0,1621.0,2159.0,2631.0,2300.0,2336.0,2552.0,2309.0,2471.0,2863.0,2659.0,2619.0,2371.0,1503.0,1194.0,751.0,404.0,21.11,24.09,36711.0,0,0.012080073630924988,6.0,0.23152207974505584,453.5204595415798,0
34,4,3,ARRANCAPINS,3.6,Vulnerabilidad Baja,2.7,Vulnerabilidad Baja,3.4,Vulnerabilidad Baja,3.2,Vulnerabilidad Baja,368.0,2.0,9.0,9.0,12.0,1.0,0.0,2.0,2.0,6.0,6.0,4.0,257.0,9.0,3.0,26.0,7.0,13.0,21.0,8.0,51.0,22508.0,1975.0,2045.0,2157.0,2199.0,2371.0,2581.0,2944.0,3325.0,3719.0,3721.0,3675.0,3484.0,3073.0,2686.0,2531.0,2080.0,1815.0,1425.0,811.0,22.11,23.34,48617.0,0,0.016349742313843965,37.0,0.8743687348051495,420.87506717861737,0
32,2,3,LA ROQUETA,1.4,Vulnerabilidad Alta,3.1,Vulnerabilidad Baja,3.6,Vulnerabilidad Baja,2.7,Vulnerabilidad Baja,208.0,1.0,6.0,7.0,5.0,6.0,1.0,5.0,5.0,1.0,3.0,3.0,131.0,4.0,0.0,20.0,6.0,4.0,7.0,4.0,25.0,4449.0,1975.0,2045.0,2157.0,2199.0,2371.0,2581.0,2944.0,3325.0,3719.0,3721.0,3675.0,3484.0,3073.0,2686.0,2531.0,2080.0,1815.0,1425.0,811.0,22.11,23.34,48617.0,0,0.046752079118903125,15.0,0.23056701694195522,902.1238282853075,0
91,1,9,LA RAIOSA,2.4,Vulnerabilidad Baja,2.4,Vulnerabilidad Alta,2.7,Vulnerabilidad Baja,2.5,Vulnerabilidad Media,160.0,1.0,1.0,2.0,2.0,0.0,0.0,1.0,0.0,2.0,3.0,2.0,135.0,4.0,0.0,2.0,0.0,5.0,15.0,2.0,23.0,15493.0,1941.0,2256.0,2455.0,2350.0,2670.0,3055.0,3221.0,3755.0,4562.0,4106.0,4150.0,3878.0,3476.0,3017.0,2590.0,1998.0,1610.0,998.0,535.0,22.18,20.42,52623.0,0,0.010327244562060285,19.0,0.37544631247801247,426.1594659006544,0
84,4,8,SAFRANAR,1.6,Vulnerabilidad Media,3.6,Vulnerabilidad Baja,3.5,Vulnerabilidad Baja,2.9,Vulnerabilidad Baja,64.0,1.0,0.0,2.0,1.0,0.0,0.0,1.0,0.0,0.0,0.0,0.0,52.0,3.0,0.0,1.0,1.0,2.0,3.0,0.0,10.0,9179.0,2128.0,2371.0,2862.0,3027.0,2919.0,3024.0,3261.0,3854.0,4605.0,4515.0,4871.0,4530.0,3894.0,3626.0,2959.0,2082.0,1591.0,1078.0,586.0,23.03,20.63,57783.0,0,0.006972437084649744,3.0,0.44126343054359474,145.0380783224163,1
153,3,15,SANT LLORENS,3.0,Vulnerabilidad Baja,4.0,Vulnerabilidad Baja,4.1,Vulnerabilidad Baja,3.7,Vulnerabilidad Baja,108.0,0.0,3.0,1.0,1.0,0.0,0.0,1.0,0.0,0.0,0.0,0.0,91.0,1.0,0.0,6.0,1.0,3.0,9.0,3.0,24.0,10879.0,2361.0,2872.0,3055.0,2750.0,2871.0,3044.0,3137.0,3903.0,4918.0,4662.0,4293.0,3311.0,2894.0,2586.0,2323.0,1795.0,1477.0,936.0,382.0,25.96,17.73,53570.0,0,0.009927383031528634,15.0,1.5325912397556176,70.46888772326622,0
102,2,10,EN CORTS,2.0,Vulnerabilidad Baja,2.4,Vulnerabilidad Alta,2.3,Vulnerabilidad Baja,2.2,Vulnerabilidad Alta,296.0,3.0,0.0,4.0,1.0,3.0,1.0,4.0,16.0,2.0,16.0,5.0,204.0,8.0,3.0,10.0,7.0,9.0,14.0,0.0,13.0,12106.0,2870.0,3368.0,3802.0,3640.0,3637.0,3961.0,4305.0,5245.0,6174.0,6228.0,6064.0,5112.0,4132.0,3925.0,3907.0,2961.0,2401.0,1460.0,723.0,23.43,20.8,73915.0,0,0.024450685610441104,14.0,0.3640243523461071,813.1324129616721,0
103,3,10,MALILLA,4.2,Vulnerabilidad Baja,3.1,Vulnerabilidad Baja,2.7,Vulnerabilidad Baja,3.3,Vulnerabilidad Baja,397.0,0.0,6.0,2.0,3.0,0.0,2.0,3.0,3.0,5.0,6.0,5.0,319.0,8.0,4.0,19.0,4.0,8.0,28.0,0.0,26.0,21943.0,2870.0,3368.0,3802.0,3640.0,3637.0,3961.0,4305.0,5245.0,6174.0,6228.0,6064.0,5112.0,4132.0,3925.0,3907.0,2961.0,2401.0,1460.0,723.0,23.43,20.8,73915.0,0,0.018092330128059064,28.0,2.5071521236742376,158.3469930887941,0
63,3,6,JAUME ROIG,1.2,Vulnerabilidad Alta,2.4,Vulnerabilidad Alta,4.2,Vulnerabilidad Baja,2.6,Vulnerabilidad Baja,75.0,0.0,2.0,0.0,4.0,0.0,0.0,1.0,1.0,3.0,2.0,3.0,45.0,2.0,2.0,5.0,1.0,4.0,6.0,1.0,6.0,6469.0,1436.0,1524.0,1500.0,1523.0,1786.0,1888.0,1710.0,1899.0,2186.0,2034.0,2037.0,2016.0,1807.0,1783.0,1818.0,1432.0,1065.0,674.0,420.0,25.44,23.55,30538.0,0,0.01159375483073118,8.0,0.18710023136642487,400.85466197589506,0
141,1,14,BENIMACLET,3.8,Vulnerabilidad Baja,2.4,Vulnerabilidad Alta,3.0,Vulnerabilidad Baja,3.1,Vulnerabilidad Baja,633.0,14.0,9.0,10.0,17.0,8.0,4.0,7.0,11.0,9.0,16.0,18.0,382.0,13.0,11.0,54.0,24.0,26.0,20.0,6.0,55.0,23306.0,1068.0,1074.0,1128.0,1223.0,1695.0,1997.0,2007.0,2098.0,2119.0,1814.0,2081.0,2100.0,2076.0,1846.0,1517.0,1087.0,869.0,618.0,301.0,21.55,21.72,28718.0,0,0.027160387882948597,32.0,0.7512572569344568,842.5875346389179,0
64,4,6,CIUTAT UNIVERSITARIA,1.8,Vulnerabilidad Baja,3.1,Vulnerabilidad Baja,4.0,Vulnerabilidad Baja,3.0,Vulnerabilidad Baja,70.0,1.0,1.0,0.0,0.0,0.0,0.0,0.0,0.0,1.0,1.0,0.0,63.0,0.0,0.0,2.0,0.0,1.0,10.0,2.0,22.0,2693.0,1436.0,1524.0,1500.0,1523.0,1786.0,1888.0,1710.0,1899.0,2186.0,2034.0,2037.0,2016.0,1807.0,1783.0,1818.0,1432.0,1065.0,674.0,420.0,25.44,23.55,30538.0,0,0.025993316004455997,14.0,0.2738504662692406,255.61395221864748,0
161,1,16,BENICALAP,4.6,Vulnerabilidad Baja,3.1,Vulnerabilidad Baja,2.5,Vulnerabilidad Baja,3.4,Vulnerabilidad Baja,342.0,5.0,5.0,4.0,4.0,1.0,2.0,6.0,7.0,6.0,3.0,6.0,235.0,10.0,5.0,28.0,4.0,11.0,35.0,5.0,47.0,40908.0,2205.0,2441.0,2373.0,2463.0,2253.0,2510.0,2863.0,3900.0,4223.0,3924.0,3701.0,2976.0,2484.0,2361.0,2177.0,1563.0,1186.0,711.0,385.0,25.13,17.95,46699.0,0,0.008360222939278381,45.0,1.7189228359981086,198.9618107559869,0
55,5,5,SANT ANTONI,2.0,Vulnerabilidad Baja,2.7,Vulnerabilidad Baja,3.1,Vulnerabilidad Baja,2.6,Vulnerabilidad Baja,113.0,2.0,2.0,0.0,1.0,0.0,0.0,0.0,2.0,0.0,2.0,2.0,86.0,2.0,1.0,2.0,0.0,11.0,5.0,1.0,18.0,9806.0,1813.0,1890.0,2111.0,1986.0,2459.0,2838.0,2885.0,3249.0,3708.0,3531.0,3594.0,3264.0,2860.0,2564.0,2618.0,2116.0,1719.0,1223.0,664.0,21.79,23.15,47092.0,0,0.011523557005914746,7.0,0.24987147948860122,452.23248460076815,0
62,2,6,MESTALLA,3.0,Vulnerabilidad Baja,2.9,Vulnerabilidad Baja,3.7,Vulnerabilidad Baja,3.2,Vulnerabilidad Baja,277.0,2.0,6.0,5.0,6.0,1.0,1.0,1.0,2.0,1.0,10.0,5.0,183.0,3.0,5.0,36.0,3.0,7.0,28.0,7.0,36.0,14646.0,1436.0,1524.0,1500.0,1523.0,1786.0,1888.0,1710.0,1899.0,2186.0,2034.0,2037.0,2016.0,1807.0,1783.0,1818.0,1432.0,1065.0,674.0,420.0,25.44,23.55,30538.0,0,0.018913013792161683,42.0,0.8437261675443387,328.30556957384323,0
122,2,12,ALBORS,2.4,Vulnerabilidad Baja,3.0,Vulnerabilidad Baja,2.9,Vulnerabilidad Baja,2.8,Vulnerabilidad Baja,114.0,3.0,2.0,2.0,6.0,6.0,0.0,2.0,4.0,3.0,2.0,0.0,75.0,1.0,1.0,1.0,2.0,4.0,6.0,0.0,17.0,8776.0,2639.0,3268.0,3746.0,3549.0,3303.0,3602.0,3696.0,4506.0,5705.0,5886.0,5478.0,4511.0,3723.0,3218.0,2859.0,2276.0,1789.0,1097.0,600.0,25.22,18.09,65451.0,0,0.012989972652689152,6.0,0.25565497896968353,445.9134747128024,0
133,3,13,L'AMISTAT,2.2,Vulnerabilidad Baja,2.7,Vulnerabilidad Baja,2.4,Vulnerabilidad Baja,2.4,Vulnerabilidad Media,128.0,1.0,1.0,1.0,4.0,2.0,1.0,6.0,2.0,6.0,2.0,1.0,86.0,0.0,2.0,10.0,0.0,3.0,8.0,2.0,18.0,7095.0,1236.0,1338.0,1394.0,1621.0,2159.0,2631.0,2300.0,2336.0,2552.0,2309.0,2471.0,2863.0,2659.0,2619.0,2371.0,1503.0,1194.0,751.0,404.0,21.11,24.09,36711.0,0,0.018040873854827343,12.0,0.2086122971773885,613.5784022892872,0
114,4,11,BETERO,1.4,Vulnerabilidad Alta,3.1,Vulnerabilidad Baja,2.6,Vulnerabilidad Baja,2.4,Vulnerabilidad Media,67.0,2.0,0.0,0.0,2.0,0.0,1.0,1.0,0.0,0.0,3.0,1.0,44.0,3.0,0.0,8.0,1.0,1.0,6.0,1.0,12.0,8011.0,2151.0,2482.0,2859.0,2799.0,2745.0,3149.0,3333.0,4010.0,4509.0,4457.0,4469.0,4064.0,3583.0,3001.0,2713.0,2009.0,1756.0,1144.0,610.0,23.34,20.12,55843.0,0,0.008363500187242542,8.0,0.2672369832994522,250.71380155838384,0
112,2,11,CABANYAL-CANYAMELAR,4.2,Vulnerabilidad Baja,2.6,Vulnerabilidad Media,1.9,Vulnerabilidad Media,2.9,Vulnerabilidad Baja,425.0,7.0,2.0,7.0,14.0,2.0,1.0,9.0,3.0,4.0,4.0,3.0,271.0,11.0,3.0,63.0,10.0,11.0,38.0,8.0,58.0,19497.0,2151.0,2482.0,2859.0,2799.0,2745.0,3149.0,3333.0,4010.0,4509.0,4457.0,4469.0,4064.0,3583.0,3001.0,2713.0,2009.0,1756.0,1144.0,610.0,23.34,20.12,55843.0,0,0.021798225368005335,54.0,1.349868942188215,314.8453799604061,0
135,5,13,LA CARRASCA,3.0,Vulnerabilidad Baja,4.0,Vulnerabilidad Baja,4.0,Vulnerabilidad Baja,3.7,Vulnerabilidad Baja,572.0,0.0,2.0,0.0,6.0,0.0,1.0,3.0,1.0,1.0,0.0,8.0,529.0,2.0,3.0,10.0,3.0,3.0,17.0,3.0,45.0,3542.0,1236.0,1338.0,1394.0,1621.0,2159.0,2631.0,2300.0,2336.0,2552.0,2309.0,2471.0,2863.0,2659.0,2619.0,2371.0,1503.0,1194.0,751.0,404.0,21.11,24.09,36711.0,0,0.16149068322981366,23.0,1.9456974724344065,293.98198235017924,0
113,3,11,LA MALVA-ROSA,3.8,Vulnerabilidad Baja,2.7,Vulnerabilidad Baja,1.9,Vulnerabilidad Media,2.8,Vulnerabilidad Baja,136.0,1.0,2.0,1.0,1.0,2.0,0.0,1.0,1.0,1.0,1.0,2.0,102.0,3.0,1.0,9.0,2.0,6.0,24.0,0.0,22.0,12936.0,2151.0,2482.0,2859.0,2799.0,2745.0,3149.0,3333.0,4010.0,4509.0,4457.0,4469.0,4064.0,3583.0,3001.0,2713.0,2009.0,1756.0,1144.0,610.0,23.34,20.12,55843.0,0,0.010513296227581941,24.0,0.7329881537946599,185.54187990069371,0
134,4,13,LA VEGA BAIXA,1.4,Vulnerabilidad Alta,2.7,Vulnerabilidad Baja,3.9,Vulnerabilidad Baja,2.7,Vulnerabilidad Baja,119.0,0.0,0.0,1.0,3.0,0.0,2.0,4.0,0.0,1.0,1.0,2.0,79.0,2.0,1.0,16.0,1.0,6.0,5.0,0.0,9.0,5572.0,1236.0,1338.0,1394.0,1621.0,2159.0,2631.0,2300.0,2336.0,2552.0,2309.0,2471.0,2863.0,2659.0,2619.0,2371.0,1503.0,1194.0,751.0,404.0,21.11,24.09,36711.0,0,0.02135678391959799,5.0,0.1905707844174474,624.439891790177,0
121,1,12,AIORA,2.8,Vulnerabilidad Baja,2.4,Vulnerabilidad Alta,2.1,Vulnerabilidad Media,2.4,Vulnerabilidad Media,216.0,3.0,5.0,2.0,4.0,1.0,5.0,3.0,5.0,3.0,5.0,3.0,129.0,7.0,2.0,20.0,6.0,13.0,8.0,4.0,26.0,24980.0,2639.0,3268.0,3746.0,3549.0,3303.0,3602.0,3696.0,4506.0,5705.0,5886.0,5478.0,4511.0,3723.0,3218.0,2859.0,2276.0,1789.0,1097.0,600.0,25.22,18.09,65451.0,0,0.008646917534027222,16.0,0.6513516602005157,331.61810001912846,0
132,2,13,CIUTAT JARDI,1.8,Vulnerabilidad Baja,2.7,Vulnerabilidad Baja,3.1,Vulnerabilidad Baja,2.5,Vulnerabilidad Media,276.0,4.0,8.0,9.0,3.0,1.0,1.0,12.0,6.0,6.0,3.0,3.0,167.0,7.0,4.0,30.0,4.0,8.0,10.0,0.0,22.0,11810.0,1236.0,1338.0,1394.0,1621.0,2159.0,2631.0,2300.0,2336.0,2552.0,2309.0,2471.0,2863.0,2659.0,2619.0,2371.0,1503.0,1194.0,751.0,404.0,21.11,24.09,36711.0,0,0.023370025402201525,10.0,0.363905828332052,758.4379762891821,0
115,5,11,NATZARET,3.2,Vulnerabilidad Baja,3.4,Vulnerabilidad Baja,1.5,Vulnerabilidad Alta,2.7,Vulnerabilidad Baja,53.0,2.0,0.0,0.0,2.0,0.0,1.0,1.0,0.0,2.0,0.0,0.0,40.0,1.0,1.0,1.0,0.0,2.0,11.0,0.0,17.0,5991.0,2151.0,2482.0,2859.0,2799.0,2745.0,3149.0,3333.0,4010.0,4509.0,4457.0,4469.0,4064.0,3583.0,3001.0,2713.0,2009.0,1756.0,1144.0,610.0,23.34,20.12,55843.0,0,0.00884660323819062,11.0,0.9164387808392374,57.83255914973912,0
106,6,10,LA PUNTA,2.0,Vulnerabilidad Baja,3.7,Vulnerabilidad Baja,3.0,Vulnerabilidad Baja,2.9,Vulnerabilidad Baja,51.0,0.0,0.0,0.0,0.0,0.0,0.0,1.0,0.0,0.0,1.0,0.0,43.0,0.0,0.0,5.0,1.0,0.0,43.0,0.0,6.0,2603.0,2870.0,3368.0,3802.0,3640.0,3637.0,3961.0,4305.0,5245.0,6174.0,6228.0,6064.0,5112.0,4132.0,3925.0,3907.0,2961.0,2401.0,1460.0,723.0,23.43,20.8,73915.0,0,0.019592777564348827,43.0,6.21324107726066,8.208276383585178,0
111,1,11,EL GRAU,2.4,Vulnerabilidad Baja,3.0,Vulnerabilidad Baja,2.5,Vulnerabilidad Baja,2.6,Vulnerabilidad Baja,192.0,3.0,4.0,2.0,6.0,1.0,1.0,3.0,1.0,2.0,3.0,1.0,125.0,6.0,3.0,17.0,7.0,7.0,15.0,1.0,39.0,9408.0,2151.0,2482.0,2859.0,2799.0,2745.0,3149.0,3333.0,4010.0,4509.0,4457.0,4469.0,4064.0,3583.0,3001.0,2713.0,2009.0,1756.0,1144.0,610.0,23.34,20.12,55843.0,0,0.02040816326530612,17.0,5.231981522441817,36.697377308471786,0
21,1,2,RUSSAFA,4.4,Vulnerabilidad Baja,2.4,Vulnerabilidad Alta,3.2,Vulnerabilidad Baja,3.3,Vulnerabilidad Baja,557.0,11.0,8.0,19.0,26.0,15.0,6.0,11.0,4.0,2.0,11.0,8.0,308.0,13.0,4.0,89.0,9.0,13.0,28.0,1.0,43.0,23742.0,1763.0,1969.0,2119.0,1932.0,1971.0,2139.0,2447.0,2922.0,3382.0,3361.0,3375.0,2947.0,2556.0,2353.0,2148.0,1800.0,1495.0,1215.0,724.0,22.89,22.84,42618.0,0,0.023460534074635667,30.0,0.8767438001224632,635.305319435619,0
23,3,2,LA GRAN VIA,2.2,Vulnerabilidad Baja,2.6,Vulnerabilidad Media,3.9,Vulnerabilidad Baja,2.9,Vulnerabilidad Baja,352.0,6.0,4.0,6.0,14.0,1.0,1.0,7.0,5.0,7.0,5.0,4.0,229.0,5.0,5.0,39.0,9.0,5.0,17.0,0.0,40.0,11878.0,1763.0,1969.0,2119.0,1932.0,1971.0,2139.0,2447.0,2922.0,3382.0,3361.0,3375.0,2947.0,2556.0,2353.0,2148.0,1800.0,1495.0,1215.0,724.0,22.89,22.84,42618.0,0,0.02963461862266375,17.0,0.46711580462594976,753.5604587001064,0
101,1,10,MONTOLIVET,2.8,Vulnerabilidad Baja,1.9,Vulnerabilidad Alta,2.3,Vulnerabilidad Baja,2.3,Vulnerabilidad Alta,210.0,8.0,2.0,3.0,2.0,0.0,1.0,2.0,2.0,3.0,3.0,3.0,143.0,4.0,1.0,22.0,3.0,8.0,23.0,0.0,30.0,19448.0,2870.0,3368.0,3802.0,3640.0,3637.0,3961.0,4305.0,5245.0,6174.0,6228.0,6064.0,5112.0,4132.0,3925.0,3907.0,2961.0,2401.0,1460.0,723.0,23.43,20.8,73915.0,0,0.010798025503907857,23.0,0.4746994605438916,442.38516673136814,0
74,4,7,LA FONTSANTA,3.0,Vulnerabilidad Baja,3.0,Vulnerabilidad Baja,1.6,Vulnerabilidad Alta,2.5,Vulnerabilidad Media,36.0,0.0,0.0,0.0,1.0,0.0,0.0,0.0,0.0,1.0,0.0,0.0,33.0,0.0,0.0,1.0,0.0,0.0,14.0,0.0,17.0,3511.0,1764.0,1966.0,2308.0,2264.0,2522.0,2745.0,2906.0,3330.0,3879.0,3913.0,3919.0,3535.0,2646.0,2441.0,2372.0,2164.0,1889.0,1315.0,672.0,22.29,22.35,48550.0,0,0.010253489034463116,14.0,0.3229992187304804,111.4553779464074,0
83,3,8,VARA DE QUART,2.0,Vulnerabilidad Baja,3.4,Vulnerabilidad Baja,3.2,Vulnerabilidad Baja,2.9,Vulnerabilidad Baja,102.0,0.0,1.0,1.0,1.0,0.0,0.0,0.0,1.0,0.0,1.0,1.0,92.0,0.0,0.0,3.0,0.0,1.0,14.0,0.0,19.0,10409.0,2128.0,2371.0,2862.0,3027.0,2919.0,3024.0,3261.0,3854.0,4605.0,4515.0,4871.0,4530.0,3894.0,3626.0,2959.0,2082.0,1591.0,1078.0,586.0,23.03,20.63,57783.0,0,0.009799212220194062,14.0,1.0346063362236437,98.58822281362035,0
81,1,8,PATRAIX,3.6,Vulnerabilidad Baja,2.1,Vulnerabilidad Alta,2.9,Vulnerabilidad Baja,2.9,Vulnerabilidad Baja,199.0,1.0,0.0,0.0,2.0,1.0,0.0,2.0,3.0,1.0,3.0,3.0,158.0,8.0,3.0,9.0,0.0,5.0,21.0,1.0,34.0,24590.0,2128.0,2371.0,2862.0,3027.0,2919.0,3024.0,3261.0,3854.0,4605.0,4515.0,4871.0,4530.0,3894.0,3626.0,2959.0,2082.0,1591.0,1078.0,586.0,23.03,20.63,57783.0,0,0.008092720618137454,23.0,0.6213031273620643,320.2945409995221,1
73,3,7,TRES FORQUES,3.2,Vulnerabilidad Baja,2.6,Vulnerabilidad Media,1.6,Vulnerabilidad Alta,2.5,Vulnerabilidad Media,47.0,0.0,0.0,0.0,0.0,0.0,0.0,0.0,0.0,0.0,0.0,0.0,46.0,0.0,0.0,1.0,0.0,0.0,11.0,2.0,21.0,9011.0,1764.0,1966.0,2308.0,2264.0,2522.0,2745.0,2906.0,3330.0,3879.0,3913.0,3919.0,3535.0,2646.0,2441.0,2372.0,2164.0,1889.0,1315.0,672.0,22.29,22.35,48550.0,0,0.005215847297747198,15.0,0.5267943471969039,89.21887687308926,1
71,1,7,NOU MOLES,2.8,Vulnerabilidad Baja,2.6,Vulnerabilidad Media,2.3,Vulnerabilidad Baja,2.6,Vulnerabilidad Baja,233.0,4.0,5.0,0.0,5.0,3.0,2.0,1.0,5.0,2.0,3.0,1.0,172.0,8.0,3.0,8.0,4.0,7.0,18.0,2.0,58.0,26051.0,1764.0,1966.0,2308.0,2264.0,2522.0,2745.0,2906.0,3330.0,3879.0,3913.0,3919.0,3535.0,2646.0,2441.0,2372.0,2164.0,1889.0,1315.0,672.0,22.29,22.35,48550.0,0,0.008943994472381098,22.0,0.7394987979951538,315.078267377423,0
72,2,7,SOTERNES,1.6,Vulnerabilidad Media,2.6,Vulnerabilidad Media,2.3,Vulnerabilidad Baja,2.2,Vulnerabilidad Alta,39.0,0.0,0.0,1.0,0.0,0.0,0.0,0.0,1.0,1.0,0.0,0.0,32.0,1.0,0.0,2.0,1.0,0.0,5.0,4.0,11.0,4921.0,1764.0,1966.0,2308.0,2264.0,2522.0,2745.0,2906.0,3330.0,3879.0,3913.0,3919.0,3535.0,2646.0,2441.0,2372.0,2164.0,1889.0,1315.0,672.0,22.29,22.35,48550.0,0,0.007925218451534242,13.0,0.22434130849503894,173.84225964279977,1
75,5,7,LA LLUM,1.8,Vulnerabilidad Baja,3.1,Vulnerabilidad Baja,3.0,Vulnerabilidad Baja,2.6,Vulnerabilidad Baja,49.0,1.0,0.0,1.0,0.0,0.0,0.0,0.0,1.0,0.0,0.0,0.0,41.0,2.0,0.0,2.0,1.0,0.0,6.0,0.0,4.0,5056.0,1764.0,1966.0,2308.0,2264.0,2522.0,2745.0,2906.0,3330.0,3879.0,3913.0,3919.0,3535.0,2646.0,2441.0,2372.0,2164.0,1889.0,1315.0,672.0,22.29,22.35,48550.0,0,0.009691455696202531,6.0,0.17520352324675292,279.67474107806294,0
44,4,4,SANT PAU,4.0,Vulnerabilidad Baja,3.6,Vulnerabilidad Baja,4.0,Vulnerabilidad Baja,3.9,Vulnerabilidad Baja,222.0,1.0,5.0,2.0,5.0,1.0,2.0,6.0,3.0,4.0,1.0,2.0,156.0,6.0,4.0,18.0,3.0,3.0,24.0,1.0,33.0,16628.0,1741.0,2197.0,2142.0,1731.0,1594.0,1899.0,2293.0,2893.0,3337.0,3174.0,2681.0,2427.0,2423.0,2370.0,2135.0,1433.0,952.0,582.0,334.0,24.53,20.36,38338.0,0,0.013350974260283859,26.0,3.898034390276805,56.95178076256927,0
33,3,3,LA PETXINA,3.0,Vulnerabilidad Baja,2.1,Vulnerabilidad Alta,3.4,Vulnerabilidad Baja,2.8,Vulnerabilidad Baja,192.0,5.0,5.0,4.0,8.0,0.0,1.0,1.0,1.0,1.0,7.0,2.0,132.0,5.0,2.0,8.0,3.0,7.0,15.0,0.0,37.0,15040.0,1975.0,2045.0,2157.0,2199.0,2371.0,2581.0,2944.0,3325.0,3719.0,3721.0,3675.0,3484.0,3073.0,2686.0,2531.0,2080.0,1815.0,1425.0,811.0,22.11,23.34,48617.0,0,0.01276595744680851,15.0,0.49677174395517953,386.4954123021194,0
41,1,4,CAMPANAR,4.4,Vulnerabilidad Baja,3.0,Vulnerabilidad Baja,3.6,Vulnerabilidad Baja,3.7,Vulnerabilidad Baja,325.0,2.0,7.0,11.0,14.0,4.0,1.0,4.0,9.0,8.0,12.0,6.0,199.0,7.0,5.0,21.0,4.0,11.0,32.0,5.0,47.0,11593.0,1741.0,2197.0,2142.0,1731.0,1594.0,1899.0,2293.0,2893.0,3337.0,3174.0,2681.0,2427.0,2423.0,2370.0,2135.0,1433.0,952.0,582.0,334.0,24.53,20.36,38338.0,0,0.028034158543948934,42.0,0.9877681881411486,329.0245665955367,0
42,2,4,LES TENDETES,2.2,Vulnerabilidad Baja,3.0,Vulnerabilidad Baja,2.9,Vulnerabilidad Baja,2.7,Vulnerabilidad Baja,52.0,1.0,0.0,0.0,0.0,1.0,0.0,0.0,0.0,0.0,0.0,1.0,46.0,1.0,0.0,0.0,0.0,2.0,7.0,0.0,22.0,5253.0,1741.0,2197.0,2142.0,1731.0,1594.0,1899.0,2293.0,2893.0,3337.0,3174.0,2681.0,2427.0,2423.0,2370.0,2135.0,1433.0,952.0,582.0,334.0,24.53,20.36,38338.0,0,0.009899105273177233,7.0,0.25817246013526707,201.41575121047026,0
95,5,9,CAMI REAL,2.2,Vulnerabilidad Baja,4.0,Vulnerabilidad Baja,2.8,Vulnerabilidad Baja,3.0,Vulnerabilidad Baja,149.0,0.0,0.0,0.0,1.0,0.0,0.0,0.0,0.0,0.0,0.0,0.0,148.0,0.0,0.0,0.0,0.0,0.0,9.0,2.0,15.0,3841.0,1941.0,2256.0,2455.0,2350.0,2670.0,3055.0,3221.0,3755.0,4562.0,4106.0,4150.0,3878.0,3476.0,3017.0,2590.0,1998.0,1610.0,998.0,535.0,22.18,20.42,52623.0,0,0.03879198125488154,13.0,1.4775627944733494,100.84173786543425,0
85,5,8,FAVARA,1.8,Vulnerabilidad Baja,3.7,Vulnerabilidad Baja,3.0,Vulnerabilidad Baja,2.8,Vulnerabilidad Baja,87.0,1.0,0.0,1.0,3.0,2.0,0.0,4.0,3.0,1.0,0.0,0.0,65.0,2.0,0.0,2.0,1.0,2.0,4.0,0.0,5.0,3637.0,2128.0,2371.0,2862.0,3027.0,2919.0,3024.0,3261.0,3854.0,4605.0,4515.0,4871.0,4530.0,3894.0,3626.0,2959.0,2082.0,1591.0,1078.0,586.0,23.03,20.63,57783.0,0,0.023920813857574923,4.0,0.2802126075091224,310.4785354712053,0
82,2,8,SANT ISIDRE,2.8,Vulnerabilidad Baja,3.4,Vulnerabilidad Baja,2.9,Vulnerabilidad Baja,3.0,Vulnerabilidad Baja,86.0,0.0,2.0,0.0,0.0,0.0,0.0,1.0,0.0,1.0,1.0,0.0,73.0,4.0,1.0,1.0,0.0,2.0,10.0,1.0,20.0,9968.0,2128.0,2371.0,2862.0,3027.0,2919.0,3024.0,3261.0,3854.0,4605.0,4515.0,4871.0,4530.0,3894.0,3626.0,2959.0,2082.0,1591.0,1078.0,586.0,23.03,20.63,57783.0,0,0.00862760834670947,12.0,0.49513890136106936,173.68863517610455,0
92,2,9,L'HORT DE SENABRE,2.8,Vulnerabilidad Baja,2.6,Vulnerabilidad Media,2.1,Vulnerabilidad Media,2.5,Vulnerabilidad Media,203.0,5.0,6.0,1.0,5.0,4.0,5.0,6.0,6.0,1.0,5.0,2.0,120.0,6.0,4.0,6.0,9.0,12.0,11.0,1.0,19.0,17062.0,1941.0,2256.0,2455.0,2350.0,2670.0,3055.0,3221.0,3755.0,4562.0,4106.0,4150.0,3878.0,3476.0,3017.0,2590.0,1998.0,1610.0,998.0,535.0,22.18,20.42,52623.0,0,0.011897784550463017,13.0,0.4263891164755377,476.09095109641777,0
124,4,12,CAMI FONDO,1.4,Vulnerabilidad Alta,3.0,Vulnerabilidad Baja,3.0,Vulnerabilidad Baja,2.5,Vulnerabilidad Media,47.0,1.0,0.0,5.0,5.0,0.0,2.0,2.0,1.0,2.0,1.0,0.0,18.0,1.0,1.0,5.0,0.0,3.0,8.0,0.0,6.0,4587.0,2639.0,3268.0,3746.0,3549.0,3303.0,3602.0,3696.0,4506.0,5705.0,5886.0,5478.0,4511.0,3723.0,3218.0,2859.0,2276.0,1789.0,1097.0,600.0,25.22,18.09,65451.0,0,0.01024634837584478,8.0,0.15857863021255242,296.38293594164037,0
105,5,10,NA ROVELLA,3.4,Vulnerabilidad Baja,2.4,Vulnerabilidad Alta,1.7,Vulnerabilidad Alta,2.5,Vulnerabilidad Media,42.0,0.0,0.0,1.0,0.0,0.0,0.0,0.0,0.0,0.0,0.0,0.0,38.0,0.0,0.0,2.0,1.0,0.0,15.0,0.0,27.0,7815.0,2870.0,3368.0,3802.0,3640.0,3637.0,3961.0,4305.0,5245.0,6174.0,6228.0,6064.0,5112.0,4132.0,3925.0,3907.0,2961.0,2401.0,1460.0,723.0,23.43,20.8,73915.0,0,0.005374280230326296,15.0,0.5364761789810064,78.28865781100596,1
125,5,12,PENYA-ROJA,2.2,Vulnerabilidad Baja,3.6,Vulnerabilidad Baja,4.5,Vulnerabilidad Baja,3.4,Vulnerabilidad Baja,161.0,1.0,3.0,3.0,6.0,0.0,1.0,4.0,3.0,3.0,1.0,2.0,107.0,2.0,2.0,20.0,0.0,3.0,25.0,0.0,12.0,12414.0,2639.0,3268.0,3746.0,3549.0,3303.0,3602.0,3696.0,4506.0,5705.0,5886.0,5478.0,4511.0,3723.0,3218.0,2859.0,2276.0,1789.0,1097.0,600.0,25.22,18.09,65451.0,0,0.0129692282906396,25.0,0.9074012936275504,177.429766885569,0
123,3,12,LA CREU DEL GRAU,2.6,Vulnerabilidad Baja,2.6,Vulnerabilidad Media,2.3,Vulnerabilidad Baja,2.5,Vulnerabilidad Media,152.0,1.0,4.0,14.0,5.0,0.0,0.0,4.0,8.0,1.0,4.0,2.0,79.0,5.0,0.0,13.0,5.0,7.0,16.0,0.0,17.0,14694.0,2639.0,3268.0,3746.0,3549.0,3303.0,3602.0,3696.0,4506.0,5705.0,5886.0,5478.0,4511.0,3723.0,3218.0,2859.0,2276.0,1789.0,1097.0,600.0,25.22,18.09,65451.0,0,0.010344358241459099,16.0,0.3901931426955476,389.55066957340057,0
107,7,10,CIUTAT DE LES ARTS I DE LES CIENCIES,2.0,Vulnerabilidad Baja,3.9,Vulnerabilidad Baja,4.2,Vulnerabilidad Baja,3.4,Vulnerabilidad Baja,173.0,2.0,0.0,2.0,3.0,3.0,0.0,1.0,0.0,1.0,1.0,1.0,132.0,5.0,1.0,16.0,1.0,4.0,18.0,0.0,9.0,7050.0,2870.0,3368.0,3802.0,3640.0,3637.0,3961.0,4305.0,5245.0,6174.0,6228.0,6064.0,5112.0,4132.0,3925.0,3907.0,2961.0,2401.0,1460.0,723.0,23.43,20.8,73915.0,0,0.02453900709219858,18.0,0.9928836232477956,174.239957180585,0
172,2,17,POBLE NOU,2.4,Vulnerabilidad Baja,2.95,Vulnerabilidad Baja,2.9,Vulnerabilidad Baja,2.8,Vulnerabilidad Baja,6.0,0.0,0.0,0.0,0.0,0.0,0.0,0.0,0.0,0.0,1.0,0.0,5.0,0.0,0.0,0.0,0.0,0.0,12.0,0.0,3.0,899.0,237.0,329.0,420.0,341.0,302.0,340.0,340.0,388.0,517.0,563.0,528.0,477.0,409.0,368.0,326.0,239.0,207.0,145.0,90.0,24.81,20.94,6566.0,1,0.006674082313681869,12.0,2.9309576623544906,2.0471124769438305,1
174,4,17,LES CASES DE BARCENA,2.4,Vulnerabilidad Baja,2.95,Vulnerabilidad Baja,2.9,Vulnerabilidad Baja,2.8,Vulnerabilidad Baja,2.0,0.0,0.0,0.0,0.0,0.0,0.0,0.0,0.0,0.0,0.0,0.0,2.0,0.0,0.0,0.0,0.0,0.0,6.0,0.0,1.0,345.0,237.0,329.0,420.0,341.0,302.0,340.0,340.0,388.0,517.0,563.0,528.0,477.0,409.0,368.0,326.0,239.0,207.0,145.0,90.0,24.81,20.94,6566.0,1,0.005797101449275362,6.0,1.201023351954233,1.665246555569232,1
178,5,17,MAHUELLA-TAULADELLA,2.4,Vulnerabilidad Baja,2.95,Vulnerabilidad Baja,2.9,Vulnerabilidad Baja,2.8,Vulnerabilidad Baja,2.0,0.0,0.0,0.0,0.0,0.0,0.0,0.0,0.0,0.0,0.0,0.0,2.0,0.0,0.0,0.0,0.0,0.0,0.0,0.0,0.0,45.0,237.0,329.0,420.0,341.0,302.0,340.0,340.0,388.0,517.0,563.0,528.0,477.0,409.0,368.0,326.0,239.0,207.0,145.0,90.0,24.81,20.94,6566.0,1,0.044444444444444446,0.0,1.0430661378118942,1.9174239556808224,0
193,3,19,PINEDO,2.4,Vulnerabilidad Baja,2.95,Vulnerabilidad Baja,2.9,Vulnerabilidad Baja,2.8,Vulnerabilidad Baja,51.0,1.0,1.0,0.0,0.0,0.0,0.0,0.0,1.0,0.0,0.0,0.0,38.0,1.0,0.0,7.0,1.0,1.0,10.0,0.0,7.0,2559.0,881.0,905.0,1049.0,910.0,968.0,1116.0,1285.0,1508.0,1734.0,1581.0,1621.0,1497.0,1391.0,1270.0,1005.0,772.0,589.0,380.0,185.0,22.83,20.35,20647.0,1,0.01992966002344666,10.0,6.526456361906724,7.814347813259598,0
176,6,17,MASSARROJOS,2.4,Vulnerabilidad Baja,2.95,Vulnerabilidad Baja,2.9,Vulnerabilidad Baja,2.8,Vulnerabilidad Baja,18.0,0.0,0.0,0.0,0.0,0.0,0.0,0.0,0.0,0.0,0.0,0.0,18.0,0.0,0.0,0.0,0.0,0.0,0.0,1.0,4.0,2362.0,237.0,329.0,420.0,341.0,302.0,340.0,340.0,388.0,517.0,563.0,528.0,477.0,409.0,368.0,326.0,239.0,207.0,145.0,90.0,24.81,20.94,6566.0,1,0.007620660457239628,2.0,2.7819008057213157,6.47039605545274,1
198,8,19,FAITANAR,2.4,Vulnerabilidad Baja,2.95,Vulnerabilidad Baja,2.9,Vulnerabilidad Baja,2.8,Vulnerabilidad Baja,5.0,0.0,0.0,0.0,1.0,0.0,1.0,0.0,0.0,0.0,0.0,0.0,3.0,0.0,0.0,0.0,0.0,0.0,1.0,1.0,0.0,1295.0,881.0,905.0,1049.0,910.0,968.0,1116.0,1285.0,1508.0,1734.0,1581.0,1621.0,1497.0,1391.0,1270.0,1005.0,772.0,589.0,380.0,185.0,22.83,20.35,20647.0,1,0.003861003861003861,3.0,4.902501464250522,1.0198875077265037,1
192,2,19,CASTELLAR-L'OLIVERAL,2.4,Vulnerabilidad Baja,2.95,Vulnerabilidad Baja,2.9,Vulnerabilidad Baja,2.8,Vulnerabilidad Baja,40.0,3.0,0.0,2.0,0.0,0.0,0.0,0.0,0.0,1.0,0.0,1.0,27.0,2.0,0.0,2.0,0.0,2.0,25.0,0.0,9.0,6800.0,881.0,905.0,1049.0,910.0,968.0,1116.0,1285.0,1508.0,1734.0,1581.0,1621.0,1497.0,1391.0,1270.0,1005.0,772.0,589.0,380.0,185.0,22.83,20.35,20647.0,1,0.0058823529411764705,25.0,2.989701201433215,13.379263446402147,1
191,1,19,EL FORN D'ALCEDO,2.4,Vulnerabilidad Baja,2.95,Vulnerabilidad Baja,2.9,Vulnerabilidad Baja,2.8,Vulnerabilidad Baja,15.0,0.0,0.0,0.0,0.0,0.0,0.0,0.0,0.0,0.0,1.0,0.0,14.0,0.0,0.0,0.0,0.0,0.0,3.0,0.0,5.0,1243.0,881.0,905.0,1049.0,910.0,968.0,1116.0,1285.0,1508.0,1734.0,1581.0,1621.0,1497.0,1391.0,1270.0,1005.0,772.0,589.0,380.0,185.0,22.83,20.35,20647.0,1,0.012067578439259855,3.0,1.2008823882614292,12.490815209402951,0
197,7,19,LA TORRE,2.4,Vulnerabilidad Baja,2.95,Vulnerabilidad Baja,2.9,Vulnerabilidad Baja,2.8,Vulnerabilidad Baja,76.0,2.0,0.0,1.0,2.0,0.0,0.0,0.0,2.0,1.0,0.0,0.0,62.0,3.0,0.0,0.0,0.0,3.0,6.0,0.0,8.0,4781.0,881.0,905.0,1049.0,910.0,968.0,1116.0,1285.0,1508.0,1734.0,1581.0,1621.0,1497.0,1391.0,1270.0,1005.0,772.0,589.0,380.0,185.0,22.83,20.35,20647.0,1,0.01589625601338632,6.0,0.4195230119632709,181.1581196567443,0
16,6,1,SANT FRANCESC,1.6,Vulnerabilidad Media,3.1,Vulnerabilidad Baja,4.3,Vulnerabilidad Baja,3.0,Vulnerabilidad Baja,669.0,3.0,27.0,9.0,41.0,77.0,4.0,19.0,4.0,9.0,14.0,10.0,280.0,8.0,10.0,90.0,57.0,7.0,25.0,4.0,100.0,5624.0,1011.0,1120.0,1090.0,1076.0,1343.0,1644.0,1922.0,2101.0,2323.0,2264.0,2061.0,1833.0,1543.0,1444.0,1319.0,1049.0,796.0,679.0,452.0,20.83,21.2,27070.0,0,0.11895448079658606,33.0,0.4386552915734737,1525.1155357097616,0
94,4,9,SANT MARCEL.LI,2.4,Vulnerabilidad Baja,2.9,Vulnerabilidad Baja,1.9,Vulnerabilidad Media,2.4,Vulnerabilidad Media,88.0,0.0,1.0,0.0,0.0,0.0,0.0,0.0,0.0,0.0,1.0,1.0,81.0,3.0,0.0,0.0,0.0,1.0,9.0,0.0,20.0,10069.0,1941.0,2256.0,2455.0,2350.0,2670.0,3055.0,3221.0,3755.0,4562.0,4106.0,4150.0,3878.0,3476.0,3017.0,2590.0,1998.0,1610.0,998.0,535.0,22.18,20.42,52623.0,0,0.008739696096931175,9.0,0.3304354606059691,266.31524303905275,0
151,1,15,ELS ORRIOLS,3.0,Vulnerabilidad Baja,2.6,Vulnerabilidad Media,1.2,Vulnerabilidad Alta,2.3,Vulnerabilidad Alta,58.0,1.0,1.0,0.0,0.0,0.0,0.0,0.0,0.0,0.0,1.0,0.0,51.0,2.0,0.0,0.0,0.0,2.0,19.0,2.0,27.0,16423.0,2361.0,2872.0,3055.0,2750.0,2871.0,3044.0,3137.0,3903.0,4918.0,4662.0,4293.0,3311.0,2894.0,2586.0,2323.0,1795.0,1477.0,936.0,382.0,25.96,17.73,53570.0,0,0.0035316324666626073,23.0,0.39673817352661117,146.19213342753784,1
11,1,1,LA SEU,1.4,Vulnerabilidad Alta,3.6,Vulnerabilidad Baja,3.8,Vulnerabilidad Baja,2.9,Vulnerabilidad Baja,245.0,4.0,0.0,18.0,18.0,7.0,7.0,5.0,1.0,0.0,5.0,4.0,99.0,2.0,0.0,51.0,22.0,2.0,3.0,0.0,40.0,3013.0,1011.0,1120.0,1090.0,1076.0,1343.0,1644.0,1922.0,2101.0,2323.0,2264.0,2061.0,1833.0,1543.0,1444.0,1319.0,1049.0,796.0,679.0,452.0,20.83,21.2,27070.0,0,0.08131430467972121,3.0,0.2210725976611902,1108.2332346566095,0
