barrio,barrio_key,codbarrio,coddistbar,coddistrit,area_m2,n_airbnb,plazas_airbnb,reviews_totales,reviews_ltm,reviews_mes,ocupacion_estimada,ingresos_estimados,precio_medio,disponibilidad_media,pct_vivienda_completa,n_vut_gva,n_licencias_gva,plazas_gva,plazas_media_gva,n_airbnb_norm,plazas_airbnb_norm,n_vut_gva_norm,plazas_gva_norm,reviews_ltm_norm,reviews_mes_norm,ocupacion_norm,ingresos_norm,subindice_oferta,subindice_actividad,subindice_presion_reciente,indice_turistico,ranking_turistico
CABANYAL-CANYAMELAR,CABANYALCANYAMELAR,2,112,11,1349868.9426,577,2191,40312,9756,1035.76,72871,8823773,125.96880415944541,190.1213171577123,89.08145580589255,366,366,1357,3.7076502732240435,1,1,1,1,1,1,1,1,1,1,1,1,1
RUSSAFA,RUSSAFA,1,021,2,876743.8005,419,1621,28272,7342,751.9,52221,6576735,133.00954653937947,184.2219570405728,83.53221957040573,295,295,1101,3.7322033898305085,0.9497892211036422,0.9608512594399212,0.9635920034601538,0.9710433840561952,0.9690566584986677,0.9539271350792015,0.9702405382905401,0.9816224706470491,0.9603932960683621,0.9679454268735244,0.9690566584986677,0.9655244274167462,2
AIORA,AIORA,1,121,12,651351.6592,289,1056,14880,5884,633.12,37781,4556121,135.6885813148789,184.52249134948096,82.00692041522491,147,147,462,3.142857142857143,0.8915504466282993,0.9051838728062915,0.8462161002734098,0.8508350687086261,0.9449605343311951,0.9292010733354216,0.9413321984807806,0.9586707002864558,0.8725337523734963,0.9422878552216075,0.9449605343311951,0.9184084550466861,3
EL CARME,ELCARME,3,013,1,384064.6562,189,646,19809,4259,417.16,28696,3695781,173.3968253968254,193.84126984126985,95.23809523809523,196,196,643,3.2806122448979593,0.8250590653577632,0.8413763658449969,0.8946452164448581,0.8965769969109441,0.9097823590881848,0.8692381230835029,0.9167672719742936,0.9455849643897076,0.8635019570919744,0.90877737758714106,0.9097823590881848,0.8931319767140415,4
EL MERCAT,ELMERCAT,5,015,1,172793.9736,182,675,21594,3909,374.13,26040,3500328,146.1978021978022,195.4010989010989,88.46153846153845,214,214,653,3.0514018691588785,0.8191564813019385,0.8470762533400781,0.909451133785635,0.898712999163124,0.9004492205600917,0.8535996210989341,0.9080930686334785,0.9421875192322798,0.8677401350269125,0.8992486971760283,0.9004492205600917,0.8884608051006504,5
MONTOLIVET,MONTOLIVET,1,101,10,474699.4607,225,831,11998,3899,452.75,26997,2795155,106.5911111111111,180.35111111111112,86.22222222222223,114,114,356,3.1228070175438596,0.8523424857086965,0.8740684515622151,0.8034955774854667,0.8147940896805096,0.9001704383617545,0.8810013644552487,0.911316459858116,0.9281207647432572,0.8345239272067939,0.9057474679326547,0.9001704383617545,0.8797038227644234,6
LA MALVA-ROSA,LAMALVAROSA,3,113,11,732988.1541,190,753,10293,2881,349.16,21360,2660268,169.6,223.23157894736843,78.94736842105263,119,119,409,3.436974789915966,0.8258844910851068,0.8612716778810074,0.8107025218715785,0.8339825875648859,0.8672398255687286,0.8436797088465904,0.8903994946024946,0.9250281119260816,0.8300269569761843,0.8844361547850041,0.8672398255687286,0.861953669708662,7
EL GRAU,ELGRAU,1,111,11,5231981.5232,207,845,7056,2199,327.23,16978,1667401,109.58937198067633,206.04830917874395,79.71014492753623,188,188,584,3.106382978723404,0.8392917811670266,0.8762376771329197,0.8876250346600614,0.8832570683010444,0.8378434862739281,0.8343656313218574,0.8698939465867548,0.8958177273327779,0.8699739938349191,0.8652361704678475,0.8378434862739281,0.8614158718075386,8
EN CORTS,ENCORTS,2,102,10,364024.3521,187,680,10233,3928,396.87,23491,2051576,89.66844919786097,169.00534759358288,75.40106951871658,75,75,279,3.72,0.8233951002008106,0.8480342206310727,0.7333561349357489,0.7811159663705374,0.9009769479336535,0.8620751264038958,0.8988926353142422,0.908782309016901,0.7928554079412898,0.8889734093064185,0.9009769479336535,0.8577328165540705,9
LA SEU,LASEU,1,011,1,221072.5969,145,510,16780,3113,293.19,20724,2391930,128.44137931034481,200.21379310344827,91.72413793103448,133,133,453,3.406015037593985,0.7836384519814866,0.8107004389320094,0.8293886007280702,0.8481139034027216,0.8756684958428987,0.8185979124813755,0.8876998798035547,0.9183797957627002,0.8156709842798132,0.8727181660285357,0.8756684958428987,0.8533417183793555,10
SANT FRANCESC,SANTFRANCESC,6,016,1,438655.2903,182,684,17962,3329,345.15,20852,2718416,137.19230769230768,200.6153846153846,81.31868131868131,80,80,274,3.425,0.8191564813019385,0.8487955438794341,0.7441456201570649,0.7786181726054675,0.8829694023259939,0.8420209782821557,0.8882497966432564,0.926380111792697,0.7944733737346813,0.8835088047617033,0.8829694023259939,0.8522385234151038,11
ARRANCAPINS,ARRANCAPINS,4,034,3,874368.7344,152,532,11409,2447,296.93,16900,1549475,105.46710526315789,191.7434210526316,75,130,130,533,4.1,0.7910023572762727,0.8161799907450666,0.8255543772998786,0.8706123582998924,0.849471727582669,0.8204171816224727,0.8694827010093176,0.8912313395619338,0.8223254901818372,0.8588343607897067,0.849471727582669,0.8441837294355448,12
LA ROQUETA,LAROQUETA,2,032,3,230567.0178,122,421,12249,2995,311.66,17309,1959503,129.72131147540983,188.7377049180328,76.22950819672131,52,52,186,3.576923076923077,0.7566834594181712,0.7858239301810284,0.6723198367361811,0.7251561726715431,0.8714630636530051,0.8273668908820987,0.8716183383386356,0.9059112091666081,0.73089700941682,0.8664181929772393,0.8714630636530051,0.8199947528662457,13
EL BOTANIC,ELBOTANIC,1,031,3,370112.9714,99,322,10002,2063,201.91,12605,1350059,110.41414141414141,205.8080808080808,86.86868686868688,138,138,376,2.7246376811594204,0.7241318807024826,0.7510692249206731,0.8355921381441304,0.8223503908174654,0.8308966849304579,0.765102664338302,0.8432958609666933,0.8826170635685969,0.7826011288016117,0.8277246029273273,0.8308966849304579,0.8125658033839529,14
EL PILAR,ELPILAR,4,014,1,161605.1069,79,300,8881,2085,183.47,13237,1692755,128.37974683544303,177.68354430379748,91.13924050632912,98,98,349,3.561224489795918,0.6890440657132695,0.7418990696018325,0.7781267208288651,0.8120489741666258,0.8320509205897307,0.751381802924952,0.8476649733173847,0.8967613452262007,0.750940844716332,0.828694775252678,0.8320509205897307,0.8021521286323675,15
NOU MOLES,NOUMOLES,1,071,7,739498.7983,121,371,4175,1541,191.01,11727,1038461,153.89256198347107,172.88429752066116,57.02479338842975,73,73,259,3.547945205479452,0.7553998340043092,0.7694299986948779,0.7288401970866658,0.770842837405428,0.7991555770414069,0.7571510191709048,0.8368479526530679,0.8662093279308393,0.7533265765473537,0.8177624385176422,0.7991555770414069,0.7914885145327942,16
MORVEDRE,MORVEDRE,2,052,5,428181.366,98,379,4358,1700,233.88,10601,1448053,132.26530612244898,213.53061224489795,89.79591836734694,56,56,211,3.767857142857143,0.7225515333299942,0.7721959663000759,0.684640733601527,0.7425503628448271,0.8098390968827193,0.7861734094441829,0.8278329171173252,0.8869984632082754,0.7251069459084369,0.8310017532590105,0.8098390968827193,0.7897060394110516,17
LA RAIOSA,LARAIOSA,1,091,9,375446.3115,105,411,3859,1606,193.09,10823,977059,102.5047619047619,225.8,82.85714285714286,63,63,191,3.0317460317460316,0.7332942726059734,0.7827063809375829,0.7042554191204643,0.7288140050340682,0.8036504582885964,0.7587026808707,0.8296837904070704,0.8623984018797788,0.7335689847122615,0.8146547855111532,0.8036504582885964,0.7840738897870296,18
LA PETXINA,LAPETXINA,3,033,3,496771.7434,86,322,5794,1630,174.96,10021,1052746,112.90697674418605,205.47674418604652,87.20930232558139,75,75,245,3.2666666666666666,0.7022338620286968,0.7510692249206731,0.7333561349357489,0.7631699967042826,0.8052642897786887,0.7445800844143606,0.8228081157736863,0.8670635891654567,0.7335248434143249,0.8087049468154534,0.8052642897786887,0.7817037792177055,19
LA XEREA,LAXEREA,2,012,1,311647.8906,91,310,12439,2287,187.85,11775,1343913,133.4065934065934,174.01098901098902,69.23076923076923,43,43,136,3.1627906976744184,0.7110206863581895,0.7461476690849151,0.6408057171238208,0.6820264687862232,0.8421132252458604,0.7547612222833112,0.8372127480375985,0.8823317640440671,0.6911827486188308,0.8218904188255385,0.8421132252458604,0.7801872955372553,20
LA CREU DEL GRAU,LACREUDELGRAU,3,123,12,390193.1431,97,350,7398,1759,175.31,11909,1136433,101.12371134020619,199.61855670103094,78.35051546391753,42,42,173,4.119047619047619,0.720955141547515,0.7618762639266948,0.636912726513555,0.7151678677298712,0.8135510999101699,0.7448662529186089,0.8382233193812945,0.8718464655140384,0.7027691867496343,0.8156352899591777,0.8135510999101699,0.7757153158260359,21
CIUTAT DE LES ARTS I DE LES CIENCIES,CIUTATDELESARTSIDELESCIENCIES,7,107,10,992883.6235,79,335,4895,1193,112.36,7490,922827,148.126582278481,162.0759493670886,88.60759493670885,118,118,332,2.8135593220338984,0.6890440657132695,0.756198699016557,0.8092854622762765,0.8051468028774567,0.7713111950898817,0.6812596300054986,0.7968105787928775,0.8588277561984148,0.7617679587756665,0.774972899938956,0.7713111950898817,0.7696188295619898,22
PATRAIX,PATRAIX,1,081,8,621303.1274,98,358,5577,2047,198.9,12310,1085381,96.53061224489795,198.91836734693877,79.59183673469387,26,26,103,3.9615384615384617,0.7225515333299942,0.7648058656142237,0.5581092151177987,0.6438231310970167,0.8300494869664475,0.7629503601973663,0.841180931789026,0.8689724953310942,0.6659240238765859,0.8221377007945656,0.8300494869664475,0.7690452711076491,23
NATZARET,NATZARET,5,115,11,916438.7808,75,276,3552,1797,212.82,11670,995320,171.02666666666667,221.02666666666667,82.66666666666667,29,29,97,3.3448275862068964,0.6809785419145408,0.731097378832298,0.5759507154980904,0.6355856305379922,0.8158765659484122,0.7726448729515062,0.8364128139735149,0.8635562385333844,0.6504153790978473,0.8222370619837727,0.8158765659484122,0.7608273737666267,24
BENICALAP,BENICALAP,1,161,16,1718922.8354,89,325,1999,1124,170.99,7407,790748,299.23595505617976,193.01123595505618,75.28089887640449,54,54,188,3.4814814814814814,0.7075646518545187,0.7522710415524371,0.6785923180224129,0.7266309078932278,0.7648309357247286,0.7412936738477469,0.7958154604372317,0.8491696148340776,0.7116274808522125,0.7927390814499657,0.7648309357247286,0.7587683920957047,25
MESTALLA,MESTALLA,2,062,6,843726.1665,74,273,4788,1115,107.1,7685,638408,99.98648648648648,178.8783783783784,68.91891891891892,52,52,196,3.769230769230769,0.6788958195461022,0.7296818050646944,0.6723198367361811,0.7323777952214068,0.7639565182608995,0.6744173405794597,0.7991057857364974,0.8357886365326003,0.6977766169419052,0.766469685170365,0.7639565182608995,0.741924477908511,26
PENYA-ROJA,PENYAROJA,5,125,12,907401.2935,69,319,3393,975,102.67,7243,1421545,296.04347826086956,193.3768115942029,89.85507246376811,35,35,138,3.942857142857143,0.6680471568979941,0.7498561936637863,0.6068246164520206,0.684035544581776,0.7493639483856925,0.6683913013227195,0.7938159929439587,0.8858432315279207,0.6692398796541168,0.7775255224517135,0.7493639483856925,0.7339932326593506,27
CIUTAT JARDI,CIUTATJARDI,2,132,13,363905.8286,67,217,3491,988,128.22,6624,545166,86.83582089552239,205.2537313432836,61.19402985074627,34,34,128,3.764705882352941,0.6634890626810142,0.6999605215328116,0.6020542268143428,0.6736856794932351,0.7508044142427869,0.7001177093729017,0.7858381883439264,0.8259163569927587,0.6543922270538164,0.7678594712987173,0.7508044142427869,0.724734924401816,28
ALBORS,ALBORS,2,122,12,255654.9792,63,212,2085,666,88.54,5168,577960,125.82539682539682,192.3015873015873,68.25396825396825,40,40,135,3.375,0.6539562507240565,0.6969442476293974,0.6288475054119989,0.6810109052445126,0.7079222648713142,0.6472895777398232,0.7636730458741398,0.8295688529517383,0.6604321574155987,0.7427075741504084,0.7079222648713142,0.7069541164374061,29
L'AMISTAT,LAMISTAT,3,133,13,208612.2971,49,148,2127,934,122.71,5753,443584,82.73469387755102,205.08163265306123,55.10204081632652,19,19,65,3.4210526315789473,0.615139172248473,0.6504908677950376,0.5072902136455683,0.5807858754364529,0.7446919180503541,0.6938421957594278,0.7732489315780056,0.8130230135371543,0.5829841644145105,0.757388798629248,0.7446919180503541,0.693807800538311,30
NA ROVELLA,NAROVELLA,5,105,10,536476.179,51,182,2923,809,90.58,5618,586176,243.13725490196077,169.58823529411765,66.66666666666666,20,20,92,4.6,0.6213063642590078,0.677210137986837,0.5155522245815289,0.6283261812071371,0.7290685412035725,0.6505338061980003,0.7711284797998734,0.830451453746274,0.6021648404909559,0.7467172362231379,0.7290685412035725,0.6925941587129611,31
L'ILLA PERDUDA,LILLAPERDUDA,1,131,13,231522.0793,41,116,1728,608,60.36,5073,380598,78.09756097560975,176.73170731707316,48.78048780487805,55,55,223,4.054545454545455,0.587723280752401,0.6190615298483312,0.681643529102495,0.7501829585744489,0.6980186778245175,0.5928634332958884,0.7620162913784907,0.8034473558071537,0.6546589406410248,0.7152421103781788,0.6980186778245175,0.6905933144594427,32
BETERO,BETERO,4,114,11,267236.9836,58,187,1452,444,74.28,3730,344867,97.41379310344827,216.31034482758622,55.172413793103445,39,39,164,4.205128205128205,0.6411651988181002,0.6807142739546276,0.6246661168323123,0.7078055817448643,0.6638631305490333,0.6223076420666309,0.7345564358860749,0.7972831066060807,0.6574533658350221,0.7140873592652712,0.6638631305490333,0.6842206158214365,33
MALILLA,MALILLA,3,103,10,2507152.124,45,183,1294,706,74.71,4963,467654,107.42222222222222,194.84444444444443,88.88888888888889,24,24,78,3.25,0.6020279779041801,0.6779185624817564,0.5450768145441602,0.6057094802378783,0.7142625943780803,0.6231279005869081,0.7600587445903504,0.8163270550135643,0.600857046278429,0.72901344231610965,0.7142625943780803,0.6812085341153156,34
TORMOS,TORMOS,4,054,5,279948.9966,37,132,1704,604,79.46,3683,304917,82.64864864864865,206.27027027027026,72.97297297297297,33,33,124,3.757575757575758,0.5719858334605313,0.6357237375744829,0.5971455459207577,0.6693192144622025,0.6973012822204571,0.6318910311363422,0.7334241872894872,0.7895847915118805,0.6117480042217238,0.7147357639026044,0.6973012822204571,0.6752031516778667,35
LA GRAN VIA,LAGRANVIA,3,023,2,467115.8049,48,169,4038,886,82.52,5971,784544,133.875,213.14583333333334,58.333333333333336,8,8,37,4.625,0.6119624330935056,0.6676310611422528,0.37207281007853243,0.504256028798778,0.7389545963413277,0.6372664247196086,0.7765702148547349,0.8486771065338006,0.5295879909398176,0.7494459558111604,0.7389545963413277,0.6703973962122238,36
L'HORT DE SENABRE,LHORTDESENABRE,2,092,9,426389.116,37,108,2777,888,81.53,5322,339620,75.51351351351352,168.24324324324326,40.54054054054054,16,16,62,3.875,0.5719858334605313,0.6098544565543764,0.4797696427340137,0.5743370939330967,0.7391997865101955,0.6355491856282007,0.7662951075450062,0.7963244694980686,0.5523649529558581,0.7295428434600428,0.7391997865101955,0.6694619703936088,37
TORREFIEL,TORREFIEL,2,152,15,700270.6135,44,120,1683,637,94.85000000000001,4493,294922,70.72727272727273,206.5,54.54545454545454,16,16,50,3.125,0.5985719434005091,0.6234315404347713,0.4797696427340137,0.545044623667675,0.7030830509009306,0.657096667515806,0.7511748030817725,0.7875008381844834,0.5571977086608462,0.7291452661644975,0.7030830509009306,0.6637511779855062,38
SANT LLORENS,SANTLLORENS,3,153,15,1532591.238,26,64,3523,965,104.26,4136,381275,91.6923076923077,158.15384615384616,80.76923076923077,17,17,37,2.176470588235294,0.518248067254916,0.5426518654847787,0.48944871326527645,0.504256028798778,0.7482427810203462,0.6705832683148959,0.7437820835896699,0.8035584793805337,0.5116906130127691,0.7360954169807581,0.7482427810203462,0.6599832083998796,39
LES TENDETES,LESTENDETES,2,042,4,258172.4602,34,114,1957,564,67.43,3876,311876,86.3529411764706,182.3235294117647,61.76470588235294,21,21,108,5.142857142857143,0.5590544484439846,0.6168201713396257,0.5234298139370768,0.65033248669067,0.6898546611551201,0.6085684208296668,0.7379847842466131,0.7909957867865893,0.5781758103203776,0.7085923578126747,0.6898546611551201,0.6591990268588599,40
CAMI FONDO,CAMIFONDO,4,124,12,158578.6304,32,110,1844,939,82.89,4725,497559,374.9375,165.90625,71.875,9,9,43,4.777777777777778,0.5498021775783556,0.6122180775438539,0.38991431045882424,0.5245787599886448,0.7452725295010639,0.6379030008361714,0.7556705103050041,0.8202028420398244,0.5092743139176537,0.7338115815113586,0.7452725295010639,0.6575157274515029,41
BENIMACLET,BENIMACLET,1,141,14,751257.2561,43,139,1732,614,72.28,4476,342243,88.5813953488372,189.62790697674419,60.46511627906976,14,14,51,3.642857142857143,0.5950382387347357,0.6423916387744978,0.45857481231134634,0.5477364325846938,0.6990859843043811,0.6184298577488673,0.7508363037179773,0.7968055338463608,0.554109529585663,0.7182848166673037,0.6990859843043811,0.6569836997161449,42
CAMPANAR,CAMPANAR,1,041,4,987768.1887,27,91,1129,394,53.96,3880,338189,91.96296296296296,213.03703703703704,88.88888888888889,39,39,135,3.4615384615384617,0.5239666334547717,0.5878124975033212,0.6246661168323123,0.6810109052445126,0.6508877454461462,0.5770001272025181,0.7380768842246785,0.7960604519430617,0.598354505635692,0.6990950895824373,0.6508877454461462,0.6541944163738184,43
EL PLA DEL REMEI,ELPLADELREMEI,2,022,2,386915.3203,33,143,3587,583,55.02,3968,671389,192.8181818181818,217.87878787878788,66.66666666666666,13,13,79,6.076923076923077,0.5544963542270047,0.6460537280704682,0.4468917227290068,0.6074531988700256,0.6934553782190925,0.5797512099756165,0.7400794209105531,0.8389382127015332,0.5511178084749022,0.7136221846206193,0.6934553782190925,0.652712291689313,44
SANT MARCEL.LI,SANTMARCELLI,4,094,9,330435.4602,34,92,1549,698,78.51,4675,327525,64.55882352941177,189.7941176470588,50,10,10,29,2.9,0.5590544484439846,0.5892178687380075,0.40605391075033276,0.4714869172931881,0.7130237259421439,0.6301805453421241,0.7547205551061036,0.7940570438165226,0.5016734649645344,0.7229324983018364,0.7130237259421439,0.6435100821618422,45
ELS ORRIOLS,ELSORRIOLS,1,151,15,396738.1736,37,114,940,438,54.269999999999996,3548,275652,74.05405405405405,192.75675675675674,56.75675675675676,15,15,35,2.3333333333333335,0.5719858334605313,0.6168201713396257,0.4695036127469763,0.4967610249449078,0.6623853107202482,0.5778101408516993,0.7300898078927072,0.7832757618999779,0.535163073119159,0.6927477106305356,0.6623853107202482,0.6315206075194963,46
TRINITAT,TRINITAT,3,053,5,595674.0652,33,120,1346,321,40.25,2533,260424,104.9090909090909,167.6060606060606,81.81818181818183,25,25,81,3.24,0.5544963542270047,0.6234315404347713,0.5517183572916554,0.6108761827441517,0.6286430255126506,0.5356751709120198,0.7000029055062528,0.7797224537153928,0.5787259580913826,0.6664040628610132,0.6286430255126506,0.62816451872197,47
SANT PAU,SANTPAU,4,044,4,3898034.3899,18,78,2581,378,36.12,2508,237300,105.38888888888889,187.16666666666666,88.88888888888889,31,31,78,2.5161290322580645,0.4629931250065219,0.568008877705055,0.5868795159337203,0.6057094802378783,0.6463862508827982,0.5204825734931252,0.699117374299929,0.7739082996726613,0.5497054638706593,0.6590324716293673,0.6463862508827982,0.6182387747645057,48
MARXALENES,MARXALENES,1,051,5,390362.4692,31,105,1685,429,55.56,3120,239508,75.29032258064517,146.29032258064515,61.29032258064516,9,9,28,3.111111111111111,0.5449635422700472,0.6062264376486151,0.38991431045882424,0.46678735525741727,0.6601302715168432,0.5811327553459686,0.7186118574359143,0.7744874055288229,0.49506611439986786,0.6872568361323058,0.6601302715168432,0.61456477060286,49
EXPOSICIO,EXPOSICIO,1,061,6,381606.8171,23,76,2625,591,45.76,3292,387603,114.52173913043478,106.1304347826087,65.21739130434783,8,8,31,3.875,0.499727481113667,0.5646754752418381,0.37207281007853243,0.48043349256161433,0.6949365492165211,0.5537309929847285,0.7234031522980962,0.8045877245814773,0.4705618809183503,0.6883732682234318,0.6949365492165211,0.6134519388652712,50
LA PUNTA,LAPUNTA,6,106,10,6213241.0769,28,93,590,264,35.05,2259,203442,93.07142857142857,206.35714285714286,71.42857142857143,13,13,57,4.384615384615385,0.5294845062770581,0.5906082089761923,0.4468917227290068,0.5628740537697401,0.6074338780571854,0.5162703540486532,0.6897823294398682,0.7642825951158349,0.5236093212510059,0.651403217755733,0.6074338780571854,0.597881486039369,51
TRES FORQUES,TRESFORQUES,3,073,7,526794.3464,16,41,1203,295,33.14,1859,135955,67,216.8125,43.75,28,28,103,3.6785714285714284,0.4455036457729953,0.4858805040812514,0.5702099069671365,0.6438231310970167,0.6194775049468441,0.508430740386324,0.6723850154855789,0.7390805963830259,0.5306547928576931,0.6350096934700737,0.6194775049468441,0.5953790405510946,52
LA CARRASCA,LACARRASCA,5,135,13,1945697.4722,35,102,1537,481,59.86,3055,243117,88.54285714285714,199.97142857142856,68.57142857142857,3,3,10,3.3333333333333335,0.5634841284112962,0.6024942509807125,0.23475180637348814,0.3324053629639991,0.6725581109933091,0.591685123594318,0.7167321032598417,0.7754225624690364,0.42645070322437767,0.6905727981396668,0.6725581109933091,0.5945271274900441,53
SANT ANTONI,SANTANTONI,5,055,5,249871.479,26,80,710,237,23.4,1976,151606,88.26923076923077,154.30769230769232,80.76923076923077,23,23,78,3.391304347826087,0.518248067254916,0.5712589363134548,0.5381641145994984,0.6057094802378783,0.5957354031024868,0.46005897152750025,0.6778335284790156,0.745893615408686,0.5523173378665909,0.6220304596248863,0.5957354031024868,0.5923718557050031,54
BENIMAMET,BENIMAMET,1,181,18,1477191.5688,23,78,536,280,41.35,2084,152187,92.21739130434783,198.56521739130434,73.91304347826086,12,12,40,3.3333333333333335,0.499727481113667,0.568008877705055,0.43434245410491135,0.5147894842318288,0.613816035805977,0.5394651845997053,0.6825839864111994,0.7461327801632568,0.4967806529529502,0.6515570439027937,0.613816035805977,0.5898371054509851,55
SOTERNES,SOTERNES,2,072,7,224341.3076,20,73,330,144,24.69,1125,113739,108.25,229.1,75,25,25,78,3.12,0.4787305722983915,0.5595094084439255,0.5517183572916554,0.6057094802378783,0.5417890778756935,0.46747829023420717,0.6275579032620376,0.7279246778063903,0.5421784566133748,0.6016400710656027,0.5417890778756935,0.5688583073693411,56
EL SALER,ELSALER,4,194,19,8247660.4575,39,172,1362,286,44.01,3091,393867,385.1025641025641,233.7948717948718,89.74358974358975,1,1,4,4,0.58005135725926,0.6699050941699435,0.11737590318674407,0.22310640482073416,0.6161160732378135,0.5482378706184334,0.71777808204918,0.8055901423749757,0.3878304779319367,0.6847826261461574,0.6161160732378135,0.5671160636895114,57
SAFRANAR,SAFRANAR,4,084,8,441263.4309,16,50,270,161,23.2,1205,126758,153.0625,228.125,93.75,20,20,48,2.4,0.4455036457729953,0.5111199264490063,0.5155522245815289,0.5394989320256693,0.5538580663004601,0.4588736791713179,0.633688195343703,0.7347009407650035,0.49844053280129236,0.6028069383097583,0.5538580663004601,0.5564889219799356,58
CAMI REAL,CAMIREAL,5,095,9,1477562.7942,18,45,867,228,28.47,1400,69530,56.388888888888886,274.05555555555554,44.44444444444444,12,12,36,3,0.4629931250065219,0.497706432524886,0.43434245410491135,0.5005591749571945,0.5915388256850274,0.48724698801201255,0.6470743166990605,0.6971522355201784,0.46885379522984605,0.606158127304929,0.5915388256850274,0.5551777507546697,59
LA VEGA BAIXA,LAVEGABAIXA,4,134,13,190570.7847,20,52,825,300,36.24,2219,200045,89.8,205.7,55.00000000000001,4,4,8,2,0.4787305722983915,0.51612037267017985,0.2725384072720801,0.3045876279202621,0.6213010716882943,0.5209473793026891,0.6881873951670272,0.7632297239133835,0.3895222939892299,0.6521660882384157,0.6213010716882943,0.5540677569411764,60
FAVARA,FAVARA,5,085,8,280212.6082,11,32,690,235,23.61,1323,82497,82.27272727272727,246.9090909090909,45.45454545454545,17,17,39,2.2941176470588234,0.39073477265965756,0.4545305042957493,0.48944871326527645,0.5113665003577028,0.5948167108238573,0.4612931175724356,0.6420255056400455,0.7078445246211471,0.4572344467081706,0.5985148755107125,0.5948167108238573,0.5483270924924517,61
EL PERELLONET,ELPERELLONET,6,196,19,4928204.3511,15,78,668,98,14.66,738,103478,136.4,238.6,100,25,25,129,5.16,0.4359708338160377,0.568008877705055,0.5517183572916554,0.6747561388931052,0.5002449146740638,0.3961933818540777,0.5899452206004681,0.7220129236992696,0.54485976065194,0.5617523879688718,0.5002449146740638,0.5435384737489841,62
BENIFERRI,BENIFERRI,2,182,18,533945.5562,11,38,671,227,22.01,1362,125082,104.9090909090909,212.36363636363637,72.72727272727273,4,4,21,5.25,0.39073477265965756,0.4762467957699674,0.2725384072720801,0.42849206147632196,0.5910623943383685,0.45161204658994847,0.6446183515780591,0.7338686915299415,0.37992972542877923,0.6038412468177851,0.5910623943383685,0.5229164438357498,63
LA FONTETA S.LLUIS,LAFONTETASLLUIS,4,104,10,238824.4187,9,36,369,122,13.09,863,59665,85.22222222222223,244.44444444444446,66.66666666666666,18,18,53,2.9444444444444446,0.3620659403512413,0.46940334346549023,0.4986043285622607,0.552968140392716,0.5238755094012687,0.38097930360452315,0.6039027438940415,0.6875848789967492,0.46267537744569187,0.5509841803235225,0.5238755094012687,0.514654365131831,64
LA CREU COBERTA,LACREUCOBERTA,3,093,9,374885.4482,10,19,157,115,14.71,690,33516,50.6,208.1,20,21,21,95,4.523809523809524,0.3770528218267169,0.3894319337500454,0.5234298139370768,0.6327273065217454,0.5174966915119353,0.3966524584567777,0.5839470659478785,0.6515246648202682,0.47457663878349626,0.5386672329877101,0.5174966915119353,0.5120014167210803,65
CIUTAT FALLERA,CIUTATFALLERA,2,162,16,496907.7427,12,56,123,78,11.3,684,61288,97.91666666666667,233.41666666666666,83.33333333333334,10,10,22,2.2,0.4033209473509889,0.5255787666283942,0.40605391075033276,0.4346541338734637,0.4756772705430339,0.36141293176021444,0.5831681603209958,0.6892629946914892,0.43485903753076816,0.5373822806358703,0.4756772705430339,0.48915814353051734,66
LA FONTSANTA,LAFONTSANTA,4,074,7,322999.2188,8,23,546,202,23.83,1139,61785,59.75,163.875,37.5,1,1,2,2,0.3454987115032774,0.4131329290136694,0.11737590318674407,0.15229381396013106,0.5784189223168217,0.4625747880800672,0.6286615318158594,0.6897679931395094,0.2519477330017665,0.5888631099054271,0.5784189223168217,0.46885389047142484,67
JAUME ROIG,JAUMEROIG,3,063,6,187100.2314,11,31,271,107,13.93,992,68910,104.36363636363636,191.8181818181818,63.63636363636363,1,1,2,2,0.39073477265965756,0.45053032489217615,0.11737590318674407,0.15229381396013106,0.5097173550624414,0.38931865968712687,0.6163314846092722,0.6965921841466162,0.27299803052438193,0.5609552057477245,0.5097173550624414,0.449922624282498,68
VARA DE QUART,VARADEQUART,3,083,8,1034606.3376,7,17,242,80,8.77,701,68523,103,196.28571428571428,71.42857142857143,3,3,20,6.666666666666667,0.32697812536202825,0.37573553313516256,0.23475180637348814,0.4220432799729657,0.4783990220307831,0.328249397724742,0.5853576529192717,0.6962400437049867,0.32807474214228055,0.5286344808369008,0.4783990220307831,0.44839148053256017,69
LA LLUM,LALLUM,5,075,7,175203.5222,5,19,192,79,11.06,568,50096,83.8,127.6,80,4,4,18,4.5,0.2817420642056481,0.3894319337500454,0.2725384072720801,0.4081693302864551,0.4770466519818205,0.3585751609590803,0.566596993347486,0.6766549938860755,0.3258043942506186,0.5268067521731209,0.4770466519818205,0.44650390686198504,70
CIUTAT UNIVERSITARIA,CIUTATUNIVERSITARIA,4,064,6,273850.4663,12,26,63,50,9.74,510,32502,93.75,141.16666666666666,66.66666666666666,1,1,7,7,0.4033209473509889,0.42844420223509105,0.11737590318674407,0.2882600955369686,0.42803579499626504,0.341881395062755,0.556994775658905,0.6496037959131485,0.2995499147157318,0.5094877985265255,0.42803579499626504,0.4197191384866956,71
EL CALVARI,ELCALVARI,3,043,4,93681.623,5,13,299,48,5.86,563,46269,67.6,193.8,60,4,4,12,3,0.2817420642056481,0.3430657700028876,0.2725384072720801,0.3555630355600481,0.423680638688481,0.2773253812528362,0.5658086921504754,0.6716860999472126,0.3060099025559056,0.4966027556753228,0.423680638688481,0.4153108336861584,72
CASTELLAR-L'OLIVERAL,CASTELLARLOLIVERAL,2,192,19,2989701.2,3,8,40,29,4.19,462,25060,54.666666666666664,148.33333333333334,100,5,5,17,3.4,0.21798541690801884,0.2856294681567274,0.3034123082260103,0.40067432643258494,0.37026927468048515,0.23714975623691192,0.5481846215331004,0.6333454212179355,0.2936800764580712,0.46487065858488497,0.37026927468048515,0.3860336780596202,73
CAMI DE VERA,CAMIDEVERA,2,142,14,827031.9849,4,24,120,31,5.13,228,31008,140.5,126.75,75,2,2,10,5,0.2530732318972318,0.41843960758634996,0.18603640503926622,0.3324053629639991,0.3772952213483852,0.2611221800447667,0.48530715259672264,0.6466615696355957,0.2819018851910192,0.4552487373152,0.3772952213483852,0.3789866358783738,74
SANT ISIDRE,SANTISIDRE,2,082,8,495138.9016,4,8,152,59,7.76,354,23250,55,341.75,25,1,1,1,1,0.2530732318972318,0.2856294681567274,0.11737590318674407,0.09608669851232286,0.4457283189501622,0.3125347047472643,0.5244620100658097,0.6286580644075912,0.18747797385900283,0.48154626950685325,0.4457283189501622,0.3714587759187674,75
PINEDO,PINEDO,3,193,19,6526456.3613,4,12,252,36,3.8,600,32655,53.5,126,75,1,1,4,4,0.2530732318972318,0.3334320616916038,0.11737590318674407,0.22310640482073416,0.393100372137813,0.22589984233646485,0.5714837612722742,0.649897438442908,0.22244243382766035,0.474053492795931,0.393100372137813,0.3697989980254127,76
EL FORN D'ALCEDO,ELFORNDALCEDO,1,191,19,1200882.3877,1,4,137,24,3.28,255,14280,56,289,100,1,1,4,4,0.10899270845400942,0.20921980379317498,0.11737590318674407,0.22310640482073416,0.3504209498062247,0.20938698369748807,0.4952616778082627,0.5981810199797222,0.15437582521500787,0.42608133752092936,0.3504209498062247,0.3158523306709159,77
EL PALMAR,ELPALMAR,5,195,19,36961639.7161,1,2,99,24,2.72,144,4608,32,138,0,0,0,0,NA,0.10899270845400942,0.1428147340783637,0,0,0.3504209498062247,0.18919224658510447,0.4444917278039491,0.5274674652258431,0.06126075935187557,0.3800296306039217,0.3504209498062247,0.26253878950616616,78
MASSARROJOS,MASSARROJOS,6,176,17,2781900.8035,1,3,107,25,1.03,150,10350,69,352,0,0,0,0,NA,0.10899270845400942,0.18021212995687044,0,0,0.35469068877815696,0.10196579812355863,0.44811305948167734,0.5780567375149068,0.06874023852757691,0.3659446214163046,0.35469068877815696,0.2596723008776204,79
BORBOTO,BORBOTO,7,177,17,1419590.7305,1,3,12,12,1.57,72,4896,68,82,100,0,0,0,NA,0.10899270845400942,0.18021212995687044,0,0,0.2792316445084799,0.13593397294294882,0.3831978620462133,0.5312573739181146,0.06874023852757691,0.3410733544216411,0.2792316445084799,0.2333884218760864,80
LA TORRE,LATORRE,7,197,19,419523.0122,3,6,19,7,1.28,42,2868,65.33333333333333,353.6666666666667,33.33333333333333,0,0,0,NA,0.21798541690801884,0.2529597050244524,0,0,0.22637713280903113,0.11869132558038353,0.33592762333070025,0.4978264625601542,0.11598756607729613,0.3084645708869256,0.22637713280903113,0.2246801315879764,81
MAHUELLA-TAULADELLA,MAHUELLATAULADELLA,5,175,17,1043066.1384,1,6,28,3,0.28,30,4500,150,279,100,0,0,0,NA,0.10899270845400942,0.2529597050244524,0,0,0.1509180885393541,0.03555086496767399,0.30670294710921353,0.5259848554344033,0.0832897535410933,0.27758429085723163,0.1509180885393541,0.18424796233300772,82
FAITANAR,FAITANAR,8,198,19,4902501.4653,0,0,0,0,0,0,0,NA,NA,NA,19,19,41,2.1578947368421053,0,0,0.5072902136455683,0.5181299784852886,0,0,0,0,0.2558130597907282,0,0,0.08953457092675488,83
CARPESA,CARPESA,3,173,17,2255540.2327,0,0,0,0,0,0,0,NA,NA,NA,6,6,21,3.5,0,0,0.3295158195422628,0.42849206147632196,0,0,0,0,0.1845531581579432,0,0,0.06459360535528012,84
RAFALELL-VISTABELLA,RAFALELLVISTABELLA,5,175,17,2124468.7925,0,0,0,0,0,0,0,NA,NA,NA,0,0,0,NA,0,0,0,0,0,0,0,0,0,0,0,0,85
BENIFARAIG,BENIFARAIG,1,171,17,1422068.4363,0,0,0,0,0,0,0,NA,NA,NA,0,0,0,NA,0,0,0,0,0,0,0,0,0,0,0,0,85
POBLE NOU,POBLENOU,2,172,17,2930957.6638,0,0,0,0,0,0,0,NA,NA,NA,0,0,0,NA,0,0,0,0,0,0,0,0,0,0,0,0,85
LES CASES DE BARCENA,LESCASESDEBARCENA,4,174,17,1201023.3499,0,0,0,0,0,0,0,NA,NA,NA,0,0,0,NA,0,0,0,0,0,0,0,0,0,0,0,0,85
